Child Level,Event Name,CPU Start (ns),GPU Start (ns),GPU Duration (ns),Process Name,Thread ID,CPU Core,GPU Engine,
0,"UpdateSubResource",9195499500,0,0,silkroad.exe,17228,2,N/A,
0,"GenerateMIPS",9195505500,0,0,silkroad.exe,17228,2,N/A,
0,"UpdateSubResource",9200123200,0,0,silkroad.exe,17228,2,N/A,
0,"GenerateMIPS",9200128800,0,0,silkroad.exe,17228,2,N/A,
0,"UpdateSubResource",9201199500,0,0,silkroad.exe,17228,2,N/A,
0,"GenerateMIPS",9201204900,0,0,silkroad.exe,17228,2,N/A,
0,"UpdateSubResource",9201638000,0,0,silkroad.exe,17228,2,N/A,
0,"GenerateMIPS",9201643200,0,0,silkroad.exe,17228,2,N/A,
0,"UpdateSubResource",9202307200,0,0,silkroad.exe,17228,2,N/A,
0,"GenerateMIPS",9202312500,0,0,silkroad.exe,17228,2,N/A,
0,"UpdateSubResource",9212513300,0,0,silkroad.exe,17228,2,N/A,
0,"GenerateMIPS",9212533200,0,0,silkroad.exe,17228,2,N/A,
0,"UpdateSubResource",9223235600,0,0,silkroad.exe,17228,2,N/A,
0,"GenerateMIPS",9223255500,0,0,silkroad.exe,17228,2,N/A,
0,"UpdateSubResource",9225581500,0,0,silkroad.exe,17228,2,N/A,
0,"GenerateMIPS",9225587600,0,0,silkroad.exe,17228,2,N/A,
0,"UpdateSubResource",9227430500,0,0,silkroad.exe,17228,2,N/A,
0,"GenerateMIPS",9227436400,0,0,silkroad.exe,17228,2,N/A,
0,"UpdateSubResource",9240806700,0,0,silkroad.exe,17228,2,N/A,
0,"GenerateMIPS",9240826100,0,0,silkroad.exe,17228,2,N/A,
0,"UpdateSubResource",9248285300,0,0,silkroad.exe,17228,2,N/A,
0,"GenerateMIPS",9248294600,0,0,silkroad.exe,17228,2,N/A,
0,"UpdateSubResource",9248980100,0,0,silkroad.exe,17228,2,N/A,
0,"GenerateMIPS",9248988200,0,0,silkroad.exe,17228,2,N/A,
0,"UpdateSubResource",9250342300,0,0,silkroad.exe,17228,2,N/A,
0,"GenerateMIPS",9250347800,0,0,silkroad.exe,17228,2,N/A,
0,"UpdateSubResource",9251770500,0,0,silkroad.exe,17228,2,N/A,
0,"GenerateMIPS",9251781500,0,0,silkroad.exe,17228,2,N/A,
0,"UpdateSubResource",9253509700,0,0,silkroad.exe,17228,2,N/A,
0,"GenerateMIPS",9253517500,0,0,silkroad.exe,17228,2,N/A,
0,"UpdateSubResource",9254244100,0,0,silkroad.exe,17228,2,N/A,
0,"GenerateMIPS",9254249900,0,0,silkroad.exe,17228,2,N/A,
0,"UpdateSubResource",9267788100,0,0,silkroad.exe,17228,2,N/A,
0,"GenerateMIPS",9267812500,0,0,silkroad.exe,17228,2,N/A,
0,"UpdateSubResource",9281600400,0,0,silkroad.exe,17228,2,N/A,
0,"GenerateMIPS",9281623000,0,0,silkroad.exe,17228,2,N/A,
0,"UpdateSubResource",9283330600,0,0,silkroad.exe,17228,2,N/A,
0,"GenerateMIPS",9283336200,0,0,silkroad.exe,17228,2,N/A,
0,"UpdateSubResource",9283708500,0,0,silkroad.exe,17228,2,N/A,
0,"GenerateMIPS",9283714200,0,0,silkroad.exe,17228,2,N/A,
0,"UpdateSubResource",9284317200,0,0,silkroad.exe,17228,2,N/A,
0,"GenerateMIPS",9284322900,0,0,silkroad.exe,17228,2,N/A,
0,"UpdateSubResource",9284959700,0,0,silkroad.exe,17228,2,N/A,
0,"GenerateMIPS",9284965700,0,0,silkroad.exe,17228,2,N/A,
0,"UpdateSubResource",9285997100,0,0,silkroad.exe,17228,2,N/A,
0,"GenerateMIPS",9286002300,0,0,silkroad.exe,17228,2,N/A,
0,"UpdateSubResource",9286479300,0,0,silkroad.exe,17228,2,N/A,
0,"GenerateMIPS",9286484500,0,0,silkroad.exe,17228,2,N/A,
0,"UpdateSubResource",9286854900,0,0,silkroad.exe,17228,2,N/A,
0,"GenerateMIPS",9286864600,0,0,silkroad.exe,17228,2,N/A,
0,"UpdateSubResource",9288136900,0,0,silkroad.exe,17228,2,N/A,
0,"GenerateMIPS",9288142200,0,0,silkroad.exe,17228,2,N/A,
0,"UpdateSubResource",9302385300,0,0,silkroad.exe,17228,2,N/A,
0,"GenerateMIPS",9302413100,0,0,silkroad.exe,17228,2,N/A,
0,"UpdateSubResource",9316623400,0,0,silkroad.exe,17228,2,N/A,
0,"GenerateMIPS",9316643500,0,0,silkroad.exe,17228,2,N/A,
0,"UpdateSubResource",9318981000,0,0,silkroad.exe,17228,2,N/A,
0,"GenerateMIPS",9318987400,0,0,silkroad.exe,17228,2,N/A,
0,"UpdateSubResource",9320772200,0,0,silkroad.exe,17228,2,N/A,
0,"GenerateMIPS",9320778000,0,0,silkroad.exe,17228,2,N/A,
0,"UpdateSubResource",9321453400,0,0,silkroad.exe,17228,2,N/A,
0,"GenerateMIPS",9321458800,0,0,silkroad.exe,17228,2,N/A,
0,"UpdateSubResource",9331213500,0,0,silkroad.exe,17228,2,N/A,
0,"GenerateMIPS",9331231700,0,0,silkroad.exe,17228,2,N/A,
0,"UpdateSubResource",9334451500,0,0,silkroad.exe,17228,2,N/A,
0,"GenerateMIPS",9334457800,0,0,silkroad.exe,17228,2,N/A,
0,"UpdateSubResource",9335926700,0,0,silkroad.exe,17228,2,N/A,
0,"GenerateMIPS",9335933000,0,0,silkroad.exe,17228,2,N/A,
0,"UpdateSubResource",9337469400,0,0,silkroad.exe,17228,2,N/A,
0,"GenerateMIPS",9337478100,0,0,silkroad.exe,17228,2,N/A,
0,"UpdateSubResource",9338908200,0,0,silkroad.exe,17228,2,N/A,
0,"GenerateMIPS",9338918400,0,0,silkroad.exe,17228,2,N/A,
0,"UpdateSubResource",9340409200,0,0,silkroad.exe,17228,2,N/A,
0,"GenerateMIPS",9340414900,0,0,silkroad.exe,17228,2,N/A,
0,"UpdateSubResource",9341154000,0,0,silkroad.exe,17228,2,N/A,
0,"GenerateMIPS",9341159300,0,0,silkroad.exe,17228,2,N/A,
0,"UpdateSubResource",9351901000,0,0,silkroad.exe,17228,2,N/A,
0,"GenerateMIPS",9351927500,0,0,silkroad.exe,17228,2,N/A,
0,"UpdateSubResource",9364288900,0,0,silkroad.exe,17228,2,N/A,
0,"GenerateMIPS",9364310000,0,0,silkroad.exe,17228,2,N/A,
0,"UpdateSubResource",9380371100,0,0,silkroad.exe,17228,2,N/A,
0,"GenerateMIPS",9380403600,0,0,silkroad.exe,17228,2,N/A,
0,"UpdateSubResource",9394361200,0,0,silkroad.exe,17228,2,N/A,
0,"GenerateMIPS",9394389400,0,0,silkroad.exe,17228,2,N/A,
0,"UpdateSubResource",9409472800,0,0,silkroad.exe,17228,2,N/A,
0,"GenerateMIPS",9409494200,0,0,silkroad.exe,17228,2,N/A,
0,"UpdateSubResource",9422518400,0,0,silkroad.exe,17228,2,N/A,
0,"GenerateMIPS",9422541000,0,0,silkroad.exe,17228,2,N/A,
0,"UpdateSubResource",9437098400,0,0,silkroad.exe,17228,2,N/A,
0,"GenerateMIPS",9437122700,0,0,silkroad.exe,17228,2,N/A,
0,"UpdateSubResource",9449976400,0,0,silkroad.exe,17228,2,N/A,
0,"GenerateMIPS",9450002100,0,0,silkroad.exe,17228,2,N/A,
0,"UpdateSubResource",9462306600,0,0,silkroad.exe,17228,2,N/A,
0,"GenerateMIPS",9462329100,0,0,silkroad.exe,17228,2,N/A,
0,"UpdateSubResource",9473293700,0,0,silkroad.exe,17228,2,N/A,
0,"GenerateMIPS",9473316200,0,0,silkroad.exe,17228,2,N/A,
0,"UpdateSubResource",9495690800,0,0,silkroad.exe,17228,2,N/A,
0,"GenerateMIPS",9495722200,0,0,silkroad.exe,17228,2,N/A,
0,"UpdateSubResource",9525494700,0,0,silkroad.exe,17228,2,N/A,
0,"GenerateMIPS",9525524800,0,0,silkroad.exe,17228,2,N/A,
0,"UpdateSubResource",9559090700,0,0,silkroad.exe,17228,2,N/A,
0,"GenerateMIPS",9559120400,0,0,silkroad.exe,17228,2,N/A,
0,"UpdateSubResource",9586864100,0,0,silkroad.exe,17228,2,N/A,
0,"GenerateMIPS",9586897200,0,0,silkroad.exe,17228,2,N/A,
0,"UpdateSubResource",9621841900,0,0,silkroad.exe,17228,2,N/A,
0,"GenerateMIPS",9621872200,0,0,silkroad.exe,17228,2,N/A,
0,"UpdateSubResource",9646324800,0,0,silkroad.exe,17228,2,N/A,
0,"GenerateMIPS",9646352300,0,0,silkroad.exe,17228,2,N/A,
0,"UpdateSubResource",9647321500,0,0,silkroad.exe,17228,2,N/A,
0,"GenerateMIPS",9647326200,0,0,silkroad.exe,17228,2,N/A,
0,"UpdateSubResource",9652125000,0,0,silkroad.exe,17228,2,N/A,
0,"GenerateMIPS",9652134800,0,0,silkroad.exe,17228,2,N/A,
0,"UpdateSubResource",9653705400,0,0,silkroad.exe,17228,2,N/A,
0,"GenerateMIPS",9653710800,0,0,silkroad.exe,17228,2,N/A,
0,"UpdateSubResource",9658024400,0,0,silkroad.exe,17228,2,N/A,
0,"GenerateMIPS",9658030600,0,0,silkroad.exe,17228,2,N/A,
0,"UpdateSubResource",9670078800,0,0,silkroad.exe,17228,2,N/A,
0,"GenerateMIPS",9670092300,0,0,silkroad.exe,17228,2,N/A,
0,"UpdateSubResource",9671511800,0,0,silkroad.exe,17228,2,N/A,
0,"GenerateMIPS",9671522500,0,0,silkroad.exe,17228,2,N/A,
0,"UpdateSubResource",9672655600,0,0,silkroad.exe,17228,2,N/A,
0,"GenerateMIPS",9672667100,0,0,silkroad.exe,17228,2,N/A,
0,"UpdateSubResource",9673819100,0,0,silkroad.exe,17228,2,N/A,
0,"GenerateMIPS",9673824700,0,0,silkroad.exe,17228,2,N/A,
0,"UpdateSubResource",9675018400,0,0,silkroad.exe,17228,2,N/A,
0,"GenerateMIPS",9675024000,0,0,silkroad.exe,17228,2,N/A,
0,"UpdateSubResource",9676062700,0,0,silkroad.exe,17228,2,N/A,
0,"GenerateMIPS",9676068600,0,0,silkroad.exe,17228,2,N/A,
0,"UpdateSubResource",9676744600,0,0,silkroad.exe,17228,2,N/A,
0,"GenerateMIPS",9676749800,0,0,silkroad.exe,17228,2,N/A,
0,"UpdateSubResource",9678621000,0,0,silkroad.exe,17228,2,N/A,
0,"GenerateMIPS",9678626400,0,0,silkroad.exe,17228,2,N/A,
0,"UpdateSubResource",9680391500,0,0,silkroad.exe,17228,2,N/A,
0,"GenerateMIPS",9680397200,0,0,silkroad.exe,17228,2,N/A,
0,"UpdateSubResource",9683015200,0,0,silkroad.exe,17228,2,N/A,
0,"GenerateMIPS",9683020400,0,0,silkroad.exe,17228,2,N/A,
0,"UpdateSubResource",9711546500,0,0,silkroad.exe,17228,2,N/A,
0,"GenerateMIPS",9711574900,0,0,silkroad.exe,17228,2,N/A,
0,"Present",9737163900,0,0,silkroad.exe,2856,4,N/A,
0,"UpdateSubResource",9740225000,0,0,silkroad.exe,17228,2,N/A,
0,"GenerateMIPS",9740256600,0,0,silkroad.exe,17228,2,N/A,
0,"UpdateSubResource",9767890400,0,0,silkroad.exe,17228,2,N/A,
0,"GenerateMIPS",9767921400,0,0,silkroad.exe,17228,2,N/A,
0,"UpdateSubResource",9796441000,0,0,silkroad.exe,17228,2,N/A,
0,"GenerateMIPS",9796471500,0,0,silkroad.exe,17228,2,N/A,
0,"UpdateSubResource",9803523100,0,0,silkroad.exe,17228,0,N/A,
0,"GenerateMIPS",9803531500,0,0,silkroad.exe,17228,0,N/A,
0,"UpdateSubResource",9808503200,0,0,silkroad.exe,17228,2,N/A,
0,"GenerateMIPS",9808509400,0,0,silkroad.exe,17228,2,N/A,
0,"UpdateSubResource",9813041100,0,0,silkroad.exe,17228,2,N/A,
0,"GenerateMIPS",9813048800,0,0,silkroad.exe,17228,2,N/A,
0,"UpdateSubResource",9819362300,0,0,silkroad.exe,17228,2,N/A,
0,"GenerateMIPS",9819373800,0,0,silkroad.exe,17228,2,N/A,
0,"UpdateSubResource",9821439600,0,0,silkroad.exe,17228,2,N/A,
0,"GenerateMIPS",9821445300,0,0,silkroad.exe,17228,2,N/A,
0,"UpdateSubResource",9826737800,0,0,silkroad.exe,17228,2,N/A,
0,"GenerateMIPS",9826743700,0,0,silkroad.exe,17228,2,N/A,
0,"UpdateSubResource",9834358100,0,0,silkroad.exe,17228,2,N/A,
0,"GenerateMIPS",9834367500,0,0,silkroad.exe,17228,2,N/A,
0,"UpdateSubResource",9838198100,0,0,silkroad.exe,17228,2,N/A,
0,"GenerateMIPS",9838203900,0,0,silkroad.exe,17228,2,N/A,
0,"UpdateSubResource",9841508700,0,0,silkroad.exe,17228,2,N/A,
0,"GenerateMIPS",9841520300,0,0,silkroad.exe,17228,2,N/A,
0,"UpdateSubResource",9845229900,0,0,silkroad.exe,17228,2,N/A,
0,"GenerateMIPS",9845235500,0,0,silkroad.exe,17228,2,N/A,
0,"UpdateSubResource",9848809100,0,0,silkroad.exe,17228,2,N/A,
0,"GenerateMIPS",9848814800,0,0,silkroad.exe,17228,2,N/A,
0,"UpdateSubResource",9852029700,0,0,silkroad.exe,17228,2,N/A,
0,"GenerateMIPS",9852036200,0,0,silkroad.exe,17228,2,N/A,
0,"UpdateSubResource",9855288900,0,0,silkroad.exe,17228,2,N/A,
0,"GenerateMIPS",9855305200,0,0,silkroad.exe,17228,2,N/A,
0,"UpdateSubResource",9859505400,0,0,silkroad.exe,17228,2,N/A,
0,"GenerateMIPS",9859511400,0,0,silkroad.exe,17228,2,N/A,
0,"UpdateSubResource",9862705400,0,0,silkroad.exe,17228,2,N/A,
0,"GenerateMIPS",9862712700,0,0,silkroad.exe,17228,2,N/A,
0,"UpdateSubResource",9865682900,0,0,silkroad.exe,17228,2,N/A,
0,"GenerateMIPS",9865688400,0,0,silkroad.exe,17228,2,N/A,
0,"UpdateSubResource",9874408000,0,0,silkroad.exe,17228,2,N/A,
0,"GenerateMIPS",9874416700,0,0,silkroad.exe,17228,2,N/A,
0,"UpdateSubResource",9884200200,0,0,silkroad.exe,17228,2,N/A,
0,"GenerateMIPS",9884213500,0,0,silkroad.exe,17228,2,N/A,
0,"UpdateSubResource",9894912900,0,0,silkroad.exe,17228,2,N/A,
0,"GenerateMIPS",9894923900,0,0,silkroad.exe,17228,2,N/A,
0,"UpdateSubResource",9904743900,0,0,silkroad.exe,17228,2,N/A,
0,"GenerateMIPS",9904754000,0,0,silkroad.exe,17228,2,N/A,
0,"UpdateSubResource",9907826400,0,0,silkroad.exe,17228,2,N/A,
0,"GenerateMIPS",9907831200,0,0,silkroad.exe,17228,2,N/A,
0,"UpdateSubResource",9910883300,0,0,silkroad.exe,17228,2,N/A,
0,"GenerateMIPS",9910888400,0,0,silkroad.exe,17228,2,N/A,
0,"UpdateSubResource",9913847000,0,0,silkroad.exe,17228,2,N/A,
0,"GenerateMIPS",9913852500,0,0,silkroad.exe,17228,2,N/A,
0,"UpdateSubResource",9916630000,0,0,silkroad.exe,17228,2,N/A,
0,"GenerateMIPS",9916634900,0,0,silkroad.exe,17228,2,N/A,
0,"UpdateSubResource",9919673700,0,0,silkroad.exe,17228,2,N/A,
0,"GenerateMIPS",9919678300,0,0,silkroad.exe,17228,2,N/A,
0,"UpdateSubResource",9922437000,0,0,silkroad.exe,17228,2,N/A,
0,"GenerateMIPS",9922442200,0,0,silkroad.exe,17228,2,N/A,
0,"UpdateSubResource",9925159500,0,0,silkroad.exe,17228,2,N/A,
0,"GenerateMIPS",9925164000,0,0,silkroad.exe,17228,2,N/A,
0,"UpdateSubResource",9927990400,0,0,silkroad.exe,17228,2,N/A,
0,"GenerateMIPS",9927995100,0,0,silkroad.exe,17228,2,N/A,
0,"UpdateSubResource",9930765500,0,0,silkroad.exe,17228,2,N/A,
0,"GenerateMIPS",9930770400,0,0,silkroad.exe,17228,2,N/A,
0,"UpdateSubResource",9933503000,0,0,silkroad.exe,17228,2,N/A,
0,"GenerateMIPS",9933507600,0,0,silkroad.exe,17228,2,N/A,
0,"UpdateSubResource",9936383600,0,0,silkroad.exe,17228,2,N/A,
0,"GenerateMIPS",9936388800,0,0,silkroad.exe,17228,2,N/A,
0,"UpdateSubResource",9939143700,0,0,silkroad.exe,17228,2,N/A,
0,"GenerateMIPS",9939148100,0,0,silkroad.exe,17228,2,N/A,
0,"UpdateSubResource",9941889700,0,0,silkroad.exe,17228,2,N/A,
0,"GenerateMIPS",9941895000,0,0,silkroad.exe,17228,2,N/A,
0,"UpdateSubResource",9944717700,0,0,silkroad.exe,17228,0,N/A,
0,"GenerateMIPS",9944722500,0,0,silkroad.exe,17228,0,N/A,
0,"UpdateSubResource",9945017100,0,0,silkroad.exe,17228,0,N/A,
0,"GenerateMIPS",9945021800,0,0,silkroad.exe,17228,0,N/A,
0,"UpdateSubResource",9948931800,0,0,silkroad.exe,17228,2,N/A,
0,"GenerateMIPS",9948937600,0,0,silkroad.exe,17228,2,N/A,
0,"UpdateSubResource",9952958600,0,0,silkroad.exe,17228,2,N/A,
0,"GenerateMIPS",9952964200,0,0,silkroad.exe,17228,2,N/A,
0,"UpdateSubResource",9956363500,0,0,silkroad.exe,17228,2,N/A,
0,"GenerateMIPS",9956369800,0,0,silkroad.exe,17228,2,N/A,
0,"UpdateSubResource",9959812900,0,0,silkroad.exe,17228,2,N/A,
0,"GenerateMIPS",9959818300,0,0,silkroad.exe,17228,2,N/A,
0,"UpdateSubResource",9969929000,0,0,silkroad.exe,17228,2,N/A,
0,"GenerateMIPS",9969939100,0,0,silkroad.exe,17228,2,N/A,
0,"UpdateSubResource",9979897900,0,0,silkroad.exe,17228,2,N/A,
0,"GenerateMIPS",9979908600,0,0,silkroad.exe,17228,2,N/A,
0,"UpdateSubResource",9989885500,0,0,silkroad.exe,17228,2,N/A,
0,"GenerateMIPS",9989897500,0,0,silkroad.exe,17228,2,N/A,
0,"UpdateSubResource",10000927100,0,0,silkroad.exe,17228,2,N/A,
0,"GenerateMIPS",10000939200,0,0,silkroad.exe,17228,2,N/A,
0,"UpdateSubResource",10014323400,0,0,silkroad.exe,17228,2,N/A,
0,"GenerateMIPS",10014344600,0,0,silkroad.exe,17228,2,N/A,
0,"UpdateSubResource",10030848800,0,0,silkroad.exe,17228,2,N/A,
0,"GenerateMIPS",10030872500,0,0,silkroad.exe,17228,2,N/A,
0,"UpdateSubResource",10035500200,0,0,silkroad.exe,17228,0,N/A,
0,"GenerateMIPS",10035507400,0,0,silkroad.exe,17228,0,N/A,
0,"UpdateSubResource",10038419000,0,0,silkroad.exe,17228,2,N/A,
0,"GenerateMIPS",10038423800,0,0,silkroad.exe,17228,2,N/A,
0,"UpdateSubResource",10042670600,0,0,silkroad.exe,17228,2,N/A,
0,"GenerateMIPS",10042675200,0,0,silkroad.exe,17228,2,N/A,
0,"UpdateSubResource",10045580900,0,0,silkroad.exe,17228,2,N/A,
0,"GenerateMIPS",10045586600,0,0,silkroad.exe,17228,2,N/A,
0,"UpdateSubResource",10048472200,0,0,silkroad.exe,17228,2,N/A,
0,"GenerateMIPS",10048479300,0,0,silkroad.exe,17228,2,N/A,
0,"UpdateSubResource",10051756500,0,0,silkroad.exe,17228,2,N/A,
0,"GenerateMIPS",10051761000,0,0,silkroad.exe,17228,2,N/A,
0,"DrawIndexed",10051828300,0,0,silkroad.exe,17228,2,N/A,
0,"DrawIndexed",10051841300,0,0,silkroad.exe,17228,2,N/A,
0,"Present",10052024900,0,0,silkroad.exe,17228,2,N/A,
0,"ClearRenderTargetView",10052029000,0,0,silkroad.exe,17228,2,N/A,
0,"ClearDepthStencilView",10052029700,0,0,silkroad.exe,17228,2,N/A,
0,"DrawIndexed",10052568900,0,0,silkroad.exe,17228,2,N/A,
0,"DrawIndexed",10052581500,0,0,silkroad.exe,17228,2,N/A,
0,"Present",10096543900,0,0,silkroad.exe,17228,2,N/A,
0,"ClearRenderTargetView",10096552700,0,0,silkroad.exe,17228,2,N/A,
0,"ClearDepthStencilView",10096553900,0,0,silkroad.exe,17228,2,N/A,
0,"DrawIndexed",10097035200,0,0,silkroad.exe,17228,2,N/A,
0,"DrawIndexed",10097046900,0,0,silkroad.exe,17228,2,N/A,
0,"Present",10097171600,0,0,silkroad.exe,17228,2,N/A,
0,"ClearRenderTargetView",10097173500,0,0,silkroad.exe,17228,2,N/A,
0,"ClearDepthStencilView",10097173700,0,0,silkroad.exe,17228,2,N/A,
0,"DrawIndexed",10097539100,0,0,silkroad.exe,17228,2,N/A,
0,"DrawIndexed",10097553300,0,0,silkroad.exe,17228,2,N/A,
0,"Present",10101608900,0,0,silkroad.exe,17228,2,N/A,
0,"ClearRenderTargetView",10101611200,0,0,silkroad.exe,17228,2,N/A,
0,"ClearDepthStencilView",10101611400,0,0,silkroad.exe,17228,2,N/A,
0,"DrawIndexed",10101972600,0,0,silkroad.exe,17228,2,N/A,
0,"DrawIndexed",10101983600,0,0,silkroad.exe,17228,2,N/A,
0,"Present",10107302100,0,0,silkroad.exe,17228,0,N/A,
0,"ClearRenderTargetView",10107304600,0,0,silkroad.exe,17228,0,N/A,
0,"ClearDepthStencilView",10107304800,0,0,silkroad.exe,17228,0,N/A,
0,"DrawIndexed",10108548000,0,0,silkroad.exe,17228,0,N/A,
0,"DrawIndexed",10108559300,0,0,silkroad.exe,17228,0,N/A,
0,"Present",10113283400,0,0,silkroad.exe,17228,0,N/A,
0,"ClearRenderTargetView",10113285700,0,0,silkroad.exe,17228,0,N/A,
0,"ClearDepthStencilView",10113286000,0,0,silkroad.exe,17228,0,N/A,
0,"DrawIndexed",10114222200,0,0,silkroad.exe,17228,0,N/A,
0,"DrawIndexed",10114233400,0,0,silkroad.exe,17228,0,N/A,
0,"Present",10119683900,0,0,silkroad.exe,17228,0,N/A,
0,"ClearRenderTargetView",10119686700,0,0,silkroad.exe,17228,0,N/A,
0,"ClearDepthStencilView",10119687200,0,0,silkroad.exe,17228,0,N/A,
0,"DrawIndexed",10120238900,0,0,silkroad.exe,17228,0,N/A,
0,"DrawIndexed",10120251300,0,0,silkroad.exe,17228,0,N/A,
0,"Present",10125433700,0,0,silkroad.exe,17228,2,N/A,
0,"ClearRenderTargetView",10125436600,0,0,silkroad.exe,17228,2,N/A,
0,"ClearDepthStencilView",10125436900,0,0,silkroad.exe,17228,2,N/A,
0,"DrawIndexed",10125839600,0,0,silkroad.exe,17228,2,N/A,
0,"DrawIndexed",10125852100,0,0,silkroad.exe,17228,2,N/A,
0,"Present",10131472900,0,0,silkroad.exe,17228,2,N/A,
0,"ClearRenderTargetView",10131475400,0,0,silkroad.exe,17228,2,N/A,
0,"ClearDepthStencilView",10131475700,0,0,silkroad.exe,17228,2,N/A,
0,"DrawIndexed",10131850300,0,0,silkroad.exe,17228,2,N/A,
0,"DrawIndexed",10131862900,0,0,silkroad.exe,17228,2,N/A,
0,"Present",10137524000,0,0,silkroad.exe,17228,2,N/A,
0,"ClearRenderTargetView",10137526300,0,0,silkroad.exe,17228,2,N/A,
0,"ClearDepthStencilView",10137526500,0,0,silkroad.exe,17228,2,N/A,
0,"DrawIndexed",10137946700,0,0,silkroad.exe,17228,2,N/A,
0,"DrawIndexed",10137960100,0,0,silkroad.exe,17228,2,N/A,
0,"Present",10143583400,0,0,silkroad.exe,17228,2,N/A,
0,"ClearRenderTargetView",10143585600,0,0,silkroad.exe,17228,2,N/A,
0,"ClearDepthStencilView",10143585800,0,0,silkroad.exe,17228,2,N/A,
0,"DrawIndexed",10143995200,0,0,silkroad.exe,17228,2,N/A,
0,"DrawIndexed",10144008400,0,0,silkroad.exe,17228,2,N/A,
0,"Present",10149652400,0,0,silkroad.exe,17228,2,N/A,
0,"ClearRenderTargetView",10149655100,0,0,silkroad.exe,17228,2,N/A,
0,"ClearDepthStencilView",10149655400,0,0,silkroad.exe,17228,2,N/A,
0,"DrawIndexed",10150071800,0,0,silkroad.exe,17228,2,N/A,
0,"DrawIndexed",10150085200,0,0,silkroad.exe,17228,2,N/A,
0,"Present",10155721000,0,0,silkroad.exe,17228,2,N/A,
0,"ClearRenderTargetView",10155723600,0,0,silkroad.exe,17228,2,N/A,
0,"ClearDepthStencilView",10155723900,0,0,silkroad.exe,17228,2,N/A,
0,"DrawIndexed",10156140400,0,0,silkroad.exe,17228,2,N/A,
0,"DrawIndexed",10156153500,0,0,silkroad.exe,17228,2,N/A,
0,"Present",10161765000,0,0,silkroad.exe,17228,2,N/A,
0,"ClearRenderTargetView",10161767300,0,0,silkroad.exe,17228,2,N/A,
0,"ClearDepthStencilView",10161767600,0,0,silkroad.exe,17228,2,N/A,
0,"DrawIndexed",10162176700,0,0,silkroad.exe,17228,2,N/A,
0,"DrawIndexed",10162190000,0,0,silkroad.exe,17228,2,N/A,
0,"Present",10167859800,0,0,silkroad.exe,17228,0,N/A,
0,"ClearRenderTargetView",10167862900,0,0,silkroad.exe,17228,0,N/A,
0,"ClearDepthStencilView",10167863200,0,0,silkroad.exe,17228,0,N/A,
0,"DrawIndexed",10168562400,0,0,silkroad.exe,17228,0,N/A,
0,"DrawIndexed",10168576900,0,0,silkroad.exe,17228,0,N/A,
0,"Present",10173877100,0,0,silkroad.exe,17228,0,N/A,
0,"ClearRenderTargetView",10173879600,0,0,silkroad.exe,17228,0,N/A,
0,"ClearDepthStencilView",10173879900,0,0,silkroad.exe,17228,0,N/A,
0,"DrawIndexed",10174424500,0,0,silkroad.exe,17228,0,N/A,
0,"DrawIndexed",10174437100,0,0,silkroad.exe,17228,0,N/A,
0,"Present",10179945000,0,0,silkroad.exe,17228,2,N/A,
0,"ClearRenderTargetView",10179947900,0,0,silkroad.exe,17228,2,N/A,
0,"ClearDepthStencilView",10179948200,0,0,silkroad.exe,17228,2,N/A,
0,"DrawIndexed",10180392300,0,0,silkroad.exe,17228,2,N/A,
0,"DrawIndexed",10180405900,0,0,silkroad.exe,17228,2,N/A,
0,"Present",10186038300,0,0,silkroad.exe,17228,2,N/A,
0,"ClearRenderTargetView",10186041300,0,0,silkroad.exe,17228,2,N/A,
0,"ClearDepthStencilView",10186041500,0,0,silkroad.exe,17228,2,N/A,
0,"DrawIndexed",10186463500,0,0,silkroad.exe,17228,2,N/A,
0,"DrawIndexed",10186477200,0,0,silkroad.exe,17228,2,N/A,
0,"Present",10192058000,0,0,silkroad.exe,17228,2,N/A,
0,"ClearRenderTargetView",10192060300,0,0,silkroad.exe,17228,2,N/A,
0,"ClearDepthStencilView",10192060600,0,0,silkroad.exe,17228,2,N/A,
0,"DrawIndexed",10193160300,0,0,silkroad.exe,17228,2,N/A,
0,"DrawIndexed",10193172700,0,0,silkroad.exe,17228,2,N/A,
0,"Present",10198191800,0,0,silkroad.exe,17228,0,N/A,
0,"ClearRenderTargetView",10198194300,0,0,silkroad.exe,17228,0,N/A,
0,"ClearDepthStencilView",10198194500,0,0,silkroad.exe,17228,0,N/A,
0,"DrawIndexed",10198820100,0,0,silkroad.exe,17228,0,N/A,
0,"DrawIndexed",10198832800,0,0,silkroad.exe,17228,0,N/A,
0,"Present",10204188500,0,0,silkroad.exe,17228,6,N/A,
0,"ClearRenderTargetView",10204191600,0,0,silkroad.exe,17228,6,N/A,
0,"ClearDepthStencilView",10204191900,0,0,silkroad.exe,17228,6,N/A,
0,"DrawIndexed",10204599100,0,0,silkroad.exe,17228,2,N/A,
0,"DrawIndexed",10204611600,0,0,silkroad.exe,17228,2,N/A,
0,"Present",10210288000,0,0,silkroad.exe,17228,2,N/A,
0,"ClearRenderTargetView",10210290800,0,0,silkroad.exe,17228,2,N/A,
0,"ClearDepthStencilView",10210291100,0,0,silkroad.exe,17228,2,N/A,
0,"DrawIndexed",10210758400,0,0,silkroad.exe,17228,2,N/A,
0,"DrawIndexed",10210770900,0,0,silkroad.exe,17228,2,N/A,
0,"Present",10216363900,0,0,silkroad.exe,17228,2,N/A,
0,"ClearRenderTargetView",10216366400,0,0,silkroad.exe,17228,2,N/A,
0,"ClearDepthStencilView",10216366600,0,0,silkroad.exe,17228,2,N/A,
0,"DrawIndexed",10216740600,0,0,silkroad.exe,17228,2,N/A,
0,"DrawIndexed",10216753000,0,0,silkroad.exe,17228,2,N/A,
0,"Present",10222373900,0,0,silkroad.exe,17228,2,N/A,
0,"ClearRenderTargetView",10222376400,0,0,silkroad.exe,17228,2,N/A,
0,"ClearDepthStencilView",10222376600,0,0,silkroad.exe,17228,2,N/A,
0,"DrawIndexed",10223177600,0,0,silkroad.exe,17228,2,N/A,
0,"DrawIndexed",10223191500,0,0,silkroad.exe,17228,2,N/A,
0,"Present",10228402900,0,0,silkroad.exe,17228,2,N/A,
0,"ClearRenderTargetView",10228405300,0,0,silkroad.exe,17228,2,N/A,
0,"ClearDepthStencilView",10228405600,0,0,silkroad.exe,17228,2,N/A,
0,"DrawIndexed",10228815600,0,0,silkroad.exe,17228,2,N/A,
0,"DrawIndexed",10228828900,0,0,silkroad.exe,17228,2,N/A,
0,"Present",10234468300,0,0,silkroad.exe,17228,4,N/A,
0,"ClearRenderTargetView",10234471100,0,0,silkroad.exe,17228,4,N/A,
0,"ClearDepthStencilView",10234471400,0,0,silkroad.exe,17228,4,N/A,
0,"DrawIndexed",10234897000,0,0,silkroad.exe,17228,4,N/A,
0,"DrawIndexed",10234910500,0,0,silkroad.exe,17228,4,N/A,
0,"Present",10240519400,0,0,silkroad.exe,17228,2,N/A,
0,"ClearRenderTargetView",10240522000,0,0,silkroad.exe,17228,2,N/A,
0,"ClearDepthStencilView",10240522200,0,0,silkroad.exe,17228,2,N/A,
0,"DrawIndexed",10240961700,0,0,silkroad.exe,17228,2,N/A,
0,"DrawIndexed",10240975000,0,0,silkroad.exe,17228,2,N/A,
0,"Present",10246576200,0,0,silkroad.exe,17228,2,N/A,
0,"ClearRenderTargetView",10246578700,0,0,silkroad.exe,17228,2,N/A,
0,"ClearDepthStencilView",10246578900,0,0,silkroad.exe,17228,2,N/A,
0,"DrawIndexed",10246987600,0,0,silkroad.exe,17228,2,N/A,
0,"DrawIndexed",10247001400,0,0,silkroad.exe,17228,2,N/A,
0,"Present",10252627700,0,0,silkroad.exe,17228,2,N/A,
0,"ClearRenderTargetView",10252630100,0,0,silkroad.exe,17228,2,N/A,
0,"ClearDepthStencilView",10252630300,0,0,silkroad.exe,17228,2,N/A,
0,"DrawIndexed",10253049900,0,0,silkroad.exe,17228,2,N/A,
0,"DrawIndexed",10253063300,0,0,silkroad.exe,17228,2,N/A,
0,"Present",10258694300,0,0,silkroad.exe,17228,2,N/A,
0,"ClearRenderTargetView",10258696900,0,0,silkroad.exe,17228,2,N/A,
0,"ClearDepthStencilView",10258697200,0,0,silkroad.exe,17228,2,N/A,
0,"DrawIndexed",10259107800,0,0,silkroad.exe,17228,2,N/A,
0,"DrawIndexed",10259121000,0,0,silkroad.exe,17228,2,N/A,
0,"Present",10264752200,0,0,silkroad.exe,17228,2,N/A,
0,"ClearRenderTargetView",10264755000,0,0,silkroad.exe,17228,2,N/A,
0,"ClearDepthStencilView",10264755300,0,0,silkroad.exe,17228,2,N/A,
0,"DrawIndexed",10265169800,0,0,silkroad.exe,17228,2,N/A,
0,"DrawIndexed",10265183000,0,0,silkroad.exe,17228,2,N/A,
0,"Present",10270798700,0,0,silkroad.exe,17228,2,N/A,
0,"ClearRenderTargetView",10270801100,0,0,silkroad.exe,17228,2,N/A,
0,"ClearDepthStencilView",10270801300,0,0,silkroad.exe,17228,2,N/A,
0,"DrawIndexed",10271207900,0,0,silkroad.exe,17228,2,N/A,
0,"DrawIndexed",10271221100,0,0,silkroad.exe,17228,2,N/A,
0,"Present",10276857300,0,0,silkroad.exe,17228,2,N/A,
0,"ClearRenderTargetView",10276860100,0,0,silkroad.exe,17228,2,N/A,
0,"ClearDepthStencilView",10276860400,0,0,silkroad.exe,17228,2,N/A,
0,"DrawIndexed",10277277300,0,0,silkroad.exe,17228,2,N/A,
0,"DrawIndexed",10277290500,0,0,silkroad.exe,17228,2,N/A,
0,"Present",10282919400,0,0,silkroad.exe,17228,2,N/A,
0,"ClearRenderTargetView",10282921800,0,0,silkroad.exe,17228,2,N/A,
0,"ClearDepthStencilView",10282922000,0,0,silkroad.exe,17228,2,N/A,
0,"DrawIndexed",10283330200,0,0,silkroad.exe,17228,2,N/A,
0,"DrawIndexed",10283343500,0,0,silkroad.exe,17228,2,N/A,
0,"Present",10288973300,0,0,silkroad.exe,17228,2,N/A,
0,"ClearRenderTargetView",10288975800,0,0,silkroad.exe,17228,2,N/A,
0,"ClearDepthStencilView",10288976100,0,0,silkroad.exe,17228,2,N/A,
0,"DrawIndexed",10289391200,0,0,silkroad.exe,17228,2,N/A,
0,"DrawIndexed",10289404400,0,0,silkroad.exe,17228,2,N/A,
0,"Present",10295015400,0,0,silkroad.exe,17228,2,N/A,
0,"ClearRenderTargetView",10295017400,0,0,silkroad.exe,17228,2,N/A,
0,"ClearDepthStencilView",10295017600,0,0,silkroad.exe,17228,2,N/A,
0,"DrawIndexed",10295370200,0,0,silkroad.exe,17228,2,N/A,
0,"DrawIndexed",10295382400,0,0,silkroad.exe,17228,2,N/A,
0,"Present",10301090900,0,0,silkroad.exe,17228,2,N/A,
0,"ClearRenderTargetView",10301093800,0,0,silkroad.exe,17228,2,N/A,
0,"ClearDepthStencilView",10301094100,0,0,silkroad.exe,17228,2,N/A,
0,"DrawIndexed",10301511600,0,0,silkroad.exe,17228,2,N/A,
0,"DrawIndexed",10301524900,0,0,silkroad.exe,17228,2,N/A,
0,"Present",10307145000,0,0,silkroad.exe,17228,2,N/A,
0,"ClearRenderTargetView",10307147500,0,0,silkroad.exe,17228,2,N/A,
0,"ClearDepthStencilView",10307147700,0,0,silkroad.exe,17228,2,N/A,
0,"DrawIndexed",10307578700,0,0,silkroad.exe,17228,2,N/A,
0,"DrawIndexed",10307592000,0,0,silkroad.exe,17228,2,N/A,
0,"Present",10313200400,0,0,silkroad.exe,17228,2,N/A,
0,"ClearRenderTargetView",10313202800,0,0,silkroad.exe,17228,2,N/A,
0,"ClearDepthStencilView",10313203000,0,0,silkroad.exe,17228,2,N/A,
0,"DrawIndexed",10313611800,0,0,silkroad.exe,17228,2,N/A,
0,"DrawIndexed",10313625000,0,0,silkroad.exe,17228,2,N/A,
0,"Present",10319257900,0,0,silkroad.exe,17228,2,N/A,
0,"ClearRenderTargetView",10319260300,0,0,silkroad.exe,17228,2,N/A,
0,"ClearDepthStencilView",10319260500,0,0,silkroad.exe,17228,2,N/A,
0,"DrawIndexed",10320111300,0,0,silkroad.exe,17228,2,N/A,
0,"DrawIndexed",10320123600,0,0,silkroad.exe,17228,2,N/A,
0,"Present",10325327600,0,0,silkroad.exe,17228,2,N/A,
0,"ClearRenderTargetView",10325330300,0,0,silkroad.exe,17228,2,N/A,
0,"ClearDepthStencilView",10325330600,0,0,silkroad.exe,17228,2,N/A,
0,"DrawIndexed",10325760200,0,0,silkroad.exe,17228,2,N/A,
0,"DrawIndexed",10325772500,0,0,silkroad.exe,17228,2,N/A,
0,"Present",10331362600,0,0,silkroad.exe,17228,2,N/A,
0,"ClearRenderTargetView",10331364700,0,0,silkroad.exe,17228,2,N/A,
0,"ClearDepthStencilView",10331364900,0,0,silkroad.exe,17228,2,N/A,
0,"DrawIndexed",10331720900,0,0,silkroad.exe,17228,2,N/A,
0,"DrawIndexed",10331733100,0,0,silkroad.exe,17228,2,N/A,
0,"Present",10337431900,0,0,silkroad.exe,17228,2,N/A,
0,"ClearRenderTargetView",10337434500,0,0,silkroad.exe,17228,2,N/A,
0,"ClearDepthStencilView",10337434800,0,0,silkroad.exe,17228,2,N/A,
0,"DrawIndexed",10337850100,0,0,silkroad.exe,17228,2,N/A,
0,"DrawIndexed",10337863400,0,0,silkroad.exe,17228,2,N/A,
0,"Present",10343490100,0,0,silkroad.exe,17228,2,N/A,
0,"ClearRenderTargetView",10343492400,0,0,silkroad.exe,17228,2,N/A,
0,"ClearDepthStencilView",10343492700,0,0,silkroad.exe,17228,2,N/A,
0,"DrawIndexed",10343915400,0,0,silkroad.exe,17228,2,N/A,
0,"DrawIndexed",10343928700,0,0,silkroad.exe,17228,2,N/A,
0,"Present",10349545100,0,0,silkroad.exe,17228,2,N/A,
0,"ClearRenderTargetView",10349547500,0,0,silkroad.exe,17228,2,N/A,
0,"ClearDepthStencilView",10349547800,0,0,silkroad.exe,17228,2,N/A,
0,"DrawIndexed",10349960600,0,0,silkroad.exe,17228,2,N/A,
0,"DrawIndexed",10349973900,0,0,silkroad.exe,17228,2,N/A,
0,"Present",10355606300,0,0,silkroad.exe,17228,2,N/A,
0,"ClearRenderTargetView",10355608600,0,0,silkroad.exe,17228,2,N/A,
0,"ClearDepthStencilView",10355608900,0,0,silkroad.exe,17228,2,N/A,
0,"DrawIndexed",10356033800,0,0,silkroad.exe,17228,2,N/A,
0,"DrawIndexed",10356047100,0,0,silkroad.exe,17228,2,N/A,
0,"Present",10361673800,0,0,silkroad.exe,17228,2,N/A,
0,"ClearRenderTargetView",10361676200,0,0,silkroad.exe,17228,2,N/A,
0,"ClearDepthStencilView",10361676400,0,0,silkroad.exe,17228,2,N/A,
0,"DrawIndexed",10362083900,0,0,silkroad.exe,17228,2,N/A,
0,"DrawIndexed",10362097600,0,0,silkroad.exe,17228,2,N/A,
0,"Present",10367726000,0,0,silkroad.exe,17228,2,N/A,
0,"ClearRenderTargetView",10367728600,0,0,silkroad.exe,17228,2,N/A,
0,"ClearDepthStencilView",10367728800,0,0,silkroad.exe,17228,2,N/A,
0,"DrawIndexed",10368149000,0,0,silkroad.exe,17228,2,N/A,
0,"DrawIndexed",10368162200,0,0,silkroad.exe,17228,2,N/A,
0,"Present",10373786200,0,0,silkroad.exe,17228,2,N/A,
0,"ClearRenderTargetView",10373789100,0,0,silkroad.exe,17228,2,N/A,
0,"ClearDepthStencilView",10373789400,0,0,silkroad.exe,17228,2,N/A,
0,"DrawIndexed",10374203900,0,0,silkroad.exe,17228,2,N/A,
0,"DrawIndexed",10374217300,0,0,silkroad.exe,17228,2,N/A,
0,"Present",10379828000,0,0,silkroad.exe,17228,2,N/A,
0,"ClearRenderTargetView",10379830300,0,0,silkroad.exe,17228,2,N/A,
0,"ClearDepthStencilView",10379830500,0,0,silkroad.exe,17228,2,N/A,
0,"DrawIndexed",10380185100,0,0,silkroad.exe,17228,2,N/A,
0,"DrawIndexed",10380197300,0,0,silkroad.exe,17228,2,N/A,
0,"Present",10385898300,0,0,silkroad.exe,17228,0,N/A,
0,"ClearRenderTargetView",10385900700,0,0,silkroad.exe,17228,0,N/A,
0,"ClearDepthStencilView",10385900900,0,0,silkroad.exe,17228,0,N/A,
0,"DrawIndexed",10386375300,0,0,silkroad.exe,17228,2,N/A,
0,"DrawIndexed",10386387700,0,0,silkroad.exe,17228,2,N/A,
0,"Present",10391974000,0,0,silkroad.exe,17228,6,N/A,
0,"ClearRenderTargetView",10391976900,0,0,silkroad.exe,17228,6,N/A,
0,"ClearDepthStencilView",10391977200,0,0,silkroad.exe,17228,6,N/A,
0,"DrawIndexed",10392515200,0,0,silkroad.exe,17228,0,N/A,
0,"DrawIndexed",10392528900,0,0,silkroad.exe,17228,0,N/A,
0,"Present",10398145300,0,0,silkroad.exe,17228,0,N/A,
0,"ClearRenderTargetView",10398152300,0,0,silkroad.exe,17228,0,N/A,
0,"ClearDepthStencilView",10398153400,0,0,silkroad.exe,17228,0,N/A,
0,"DrawIndexed",10398799700,0,0,silkroad.exe,17228,0,N/A,
0,"DrawIndexed",10398812300,0,0,silkroad.exe,17228,0,N/A,
0,"Present",10404172600,0,0,silkroad.exe,17228,2,N/A,
0,"ClearRenderTargetView",10404176600,0,0,silkroad.exe,17228,2,N/A,
0,"ClearDepthStencilView",10404177300,0,0,silkroad.exe,17228,2,N/A,
0,"DrawIndexed",10404786700,0,0,silkroad.exe,17228,2,N/A,
0,"DrawIndexed",10404799200,0,0,silkroad.exe,17228,2,N/A,
0,"Present",10410172300,0,0,silkroad.exe,17228,2,N/A,
0,"ClearRenderTargetView",10410174900,0,0,silkroad.exe,17228,2,N/A,
0,"ClearDepthStencilView",10410175200,0,0,silkroad.exe,17228,2,N/A,
0,"DrawIndexed",10410802400,0,0,silkroad.exe,17228,2,N/A,
0,"DrawIndexed",10410814800,0,0,silkroad.exe,17228,2,N/A,
0,"Present",10416249700,0,0,silkroad.exe,17228,6,N/A,
0,"ClearRenderTargetView",10416254700,0,0,silkroad.exe,17228,6,N/A,
0,"ClearDepthStencilView",10416255300,0,0,silkroad.exe,17228,6,N/A,
0,"DrawIndexed",10416714700,0,0,silkroad.exe,17228,6,N/A,
0,"DrawIndexed",10416727600,0,0,silkroad.exe,17228,6,N/A,
0,"Present",10422319500,0,0,silkroad.exe,17228,6,N/A,
0,"ClearRenderTargetView",10422323300,0,0,silkroad.exe,17228,6,N/A,
0,"ClearDepthStencilView",10422323900,0,0,silkroad.exe,17228,6,N/A,
0,"DrawIndexed",10422760700,0,0,silkroad.exe,17228,6,N/A,
0,"DrawIndexed",10422773200,0,0,silkroad.exe,17228,6,N/A,
0,"Present",10428376500,0,0,silkroad.exe,17228,2,N/A,
0,"ClearRenderTargetView",10428379300,0,0,silkroad.exe,17228,2,N/A,
0,"ClearDepthStencilView",10428379600,0,0,silkroad.exe,17228,2,N/A,
0,"DrawIndexed",10428788500,0,0,silkroad.exe,17228,2,N/A,
0,"DrawIndexed",10428801100,0,0,silkroad.exe,17228,2,N/A,
0,"Present",10434433600,0,0,silkroad.exe,17228,2,N/A,
0,"ClearRenderTargetView",10434436000,0,0,silkroad.exe,17228,2,N/A,
0,"ClearDepthStencilView",10434436200,0,0,silkroad.exe,17228,2,N/A,
0,"DrawIndexed",10434867100,0,0,silkroad.exe,17228,2,N/A,
0,"DrawIndexed",10434879400,0,0,silkroad.exe,17228,2,N/A,
0,"Present",10440436600,0,0,silkroad.exe,17228,2,N/A,
0,"ClearRenderTargetView",10440439200,0,0,silkroad.exe,17228,2,N/A,
0,"ClearDepthStencilView",10440439400,0,0,silkroad.exe,17228,2,N/A,
0,"DrawIndexed",10440827800,0,0,silkroad.exe,17228,2,N/A,
0,"DrawIndexed",10440840200,0,0,silkroad.exe,17228,2,N/A,
0,"Present",10446463900,0,0,silkroad.exe,17228,2,N/A,
0,"ClearRenderTargetView",10446466200,0,0,silkroad.exe,17228,2,N/A,
0,"ClearDepthStencilView",10446466400,0,0,silkroad.exe,17228,2,N/A,
0,"DrawIndexed",10446887600,0,0,silkroad.exe,17228,2,N/A,
0,"DrawIndexed",10446901000,0,0,silkroad.exe,17228,2,N/A,
0,"Present",10452533300,0,0,silkroad.exe,17228,2,N/A,
0,"ClearRenderTargetView",10452535800,0,0,silkroad.exe,17228,2,N/A,
0,"ClearDepthStencilView",10452536100,0,0,silkroad.exe,17228,2,N/A,
0,"DrawIndexed",10452947700,0,0,silkroad.exe,17228,2,N/A,
0,"DrawIndexed",10452961000,0,0,silkroad.exe,17228,2,N/A,
0,"Present",10458588800,0,0,silkroad.exe,17228,2,N/A,
0,"ClearRenderTargetView",10458591300,0,0,silkroad.exe,17228,2,N/A,
0,"ClearDepthStencilView",10458591600,0,0,silkroad.exe,17228,2,N/A,
0,"DrawIndexed",10458967700,0,0,silkroad.exe,17228,2,N/A,
0,"DrawIndexed",10458979900,0,0,silkroad.exe,17228,2,N/A,
0,"Present",10464646800,0,0,silkroad.exe,17228,2,N/A,
0,"ClearRenderTargetView",10464649100,0,0,silkroad.exe,17228,2,N/A,
0,"ClearDepthStencilView",10464649300,0,0,silkroad.exe,17228,2,N/A,
0,"DrawIndexed",10465058100,0,0,silkroad.exe,17228,2,N/A,
0,"DrawIndexed",10465071400,0,0,silkroad.exe,17228,2,N/A,
0,"Present",10470709900,0,0,silkroad.exe,17228,2,N/A,
0,"ClearRenderTargetView",10470712100,0,0,silkroad.exe,17228,2,N/A,
0,"ClearDepthStencilView",10470712400,0,0,silkroad.exe,17228,2,N/A,
0,"DrawIndexed",10471137000,0,0,silkroad.exe,17228,2,N/A,
0,"DrawIndexed",10471150200,0,0,silkroad.exe,17228,2,N/A,
0,"Present",10476762900,0,0,silkroad.exe,17228,2,N/A,
0,"ClearRenderTargetView",10476765400,0,0,silkroad.exe,17228,2,N/A,
0,"ClearDepthStencilView",10476765700,0,0,silkroad.exe,17228,2,N/A,
0,"DrawIndexed",10477174400,0,0,silkroad.exe,17228,2,N/A,
0,"DrawIndexed",10477188100,0,0,silkroad.exe,17228,2,N/A,
0,"Present",10482804500,0,0,silkroad.exe,17228,2,N/A,
0,"ClearRenderTargetView",10482806600,0,0,silkroad.exe,17228,2,N/A,
0,"ClearDepthStencilView",10482806800,0,0,silkroad.exe,17228,2,N/A,
0,"DrawIndexed",10483155800,0,0,silkroad.exe,17228,2,N/A,
0,"DrawIndexed",10483168000,0,0,silkroad.exe,17228,2,N/A,
0,"Present",10488896400,0,0,silkroad.exe,17228,2,N/A,
0,"ClearRenderTargetView",10488899200,0,0,silkroad.exe,17228,2,N/A,
0,"ClearDepthStencilView",10488899500,0,0,silkroad.exe,17228,2,N/A,
0,"DrawIndexed",10489313400,0,0,silkroad.exe,17228,2,N/A,
0,"DrawIndexed",10489326800,0,0,silkroad.exe,17228,2,N/A,
0,"Present",10494935700,0,0,silkroad.exe,17228,2,N/A,
0,"ClearRenderTargetView",10494938000,0,0,silkroad.exe,17228,2,N/A,
0,"ClearDepthStencilView",10494938300,0,0,silkroad.exe,17228,2,N/A,
0,"DrawIndexed",10495349800,0,0,silkroad.exe,17228,2,N/A,
0,"DrawIndexed",10495363500,0,0,silkroad.exe,17228,2,N/A,
0,"Present",10500997300,0,0,silkroad.exe,17228,2,N/A,
0,"ClearRenderTargetView",10500999800,0,0,silkroad.exe,17228,2,N/A,
0,"ClearDepthStencilView",10501000000,0,0,silkroad.exe,17228,2,N/A,
0,"DrawIndexed",10501407500,0,0,silkroad.exe,17228,2,N/A,
0,"DrawIndexed",10501420700,0,0,silkroad.exe,17228,2,N/A,
0,"Present",10507050800,0,0,silkroad.exe,17228,2,N/A,
0,"ClearRenderTargetView",10507053400,0,0,silkroad.exe,17228,2,N/A,
0,"ClearDepthStencilView",10507053700,0,0,silkroad.exe,17228,2,N/A,
0,"DrawIndexed",10507477300,0,0,silkroad.exe,17228,2,N/A,
0,"DrawIndexed",10507490600,0,0,silkroad.exe,17228,2,N/A,
0,"Present",10513117400,0,0,silkroad.exe,17228,2,N/A,
0,"ClearRenderTargetView",10513120200,0,0,silkroad.exe,17228,2,N/A,
0,"ClearDepthStencilView",10513120500,0,0,silkroad.exe,17228,2,N/A,
0,"DrawIndexed",10513537000,0,0,silkroad.exe,17228,2,N/A,
0,"DrawIndexed",10513550400,0,0,silkroad.exe,17228,2,N/A,
0,"Present",10519159000,0,0,silkroad.exe,17228,2,N/A,
0,"ClearRenderTargetView",10519161300,0,0,silkroad.exe,17228,2,N/A,
0,"ClearDepthStencilView",10519161500,0,0,silkroad.exe,17228,2,N/A,
0,"DrawIndexed",10519576700,0,0,silkroad.exe,17228,2,N/A,
0,"DrawIndexed",10519589900,0,0,silkroad.exe,17228,2,N/A,
0,"Present",10525233200,0,0,silkroad.exe,17228,2,N/A,
0,"ClearRenderTargetView",10525235900,0,0,silkroad.exe,17228,2,N/A,
0,"ClearDepthStencilView",10525236200,0,0,silkroad.exe,17228,2,N/A,
0,"DrawIndexed",10525668100,0,0,silkroad.exe,17228,2,N/A,
0,"DrawIndexed",10525680600,0,0,silkroad.exe,17228,2,N/A,
0,"Present",10531282200,0,0,silkroad.exe,17228,2,N/A,
0,"ClearRenderTargetView",10531285000,0,0,silkroad.exe,17228,2,N/A,
0,"ClearDepthStencilView",10531285300,0,0,silkroad.exe,17228,2,N/A,
0,"DrawIndexed",10531718000,0,0,silkroad.exe,17228,2,N/A,
0,"DrawIndexed",10531730300,0,0,silkroad.exe,17228,2,N/A,
0,"Present",10537336400,0,0,silkroad.exe,17228,2,N/A,
0,"ClearRenderTargetView",10537340000,0,0,silkroad.exe,17228,2,N/A,
0,"ClearDepthStencilView",10537340300,0,0,silkroad.exe,17228,2,N/A,
0,"DrawIndexed",10537751200,0,0,silkroad.exe,17228,2,N/A,
0,"DrawIndexed",10537763600,0,0,silkroad.exe,17228,2,N/A,
0,"Present",10543426400,0,0,silkroad.exe,17228,2,N/A,
0,"ClearRenderTargetView",10543428800,0,0,silkroad.exe,17228,2,N/A,
0,"ClearDepthStencilView",10543429000,0,0,silkroad.exe,17228,2,N/A,
0,"DrawIndexed",10543835300,0,0,silkroad.exe,17228,2,N/A,
0,"DrawIndexed",10543848400,0,0,silkroad.exe,17228,2,N/A,
0,"Present",10549467000,0,0,silkroad.exe,17228,6,N/A,
0,"ClearRenderTargetView",10549469900,0,0,silkroad.exe,17228,6,N/A,
0,"ClearDepthStencilView",10549470200,0,0,silkroad.exe,17228,6,N/A,
0,"DrawIndexed",10549904000,0,0,silkroad.exe,17228,6,N/A,
0,"DrawIndexed",10549917400,0,0,silkroad.exe,17228,6,N/A,
0,"Present",10555504800,0,0,silkroad.exe,17228,2,N/A,
0,"ClearRenderTargetView",10555507000,0,0,silkroad.exe,17228,2,N/A,
0,"ClearDepthStencilView",10555507300,0,0,silkroad.exe,17228,2,N/A,
0,"DrawIndexed",10555941600,0,0,silkroad.exe,17228,2,N/A,
0,"DrawIndexed",10555954900,0,0,silkroad.exe,17228,2,N/A,
0,"Present",10561580700,0,0,silkroad.exe,17228,0,N/A,
0,"ClearRenderTargetView",10561583600,0,0,silkroad.exe,17228,0,N/A,
0,"ClearDepthStencilView",10561583900,0,0,silkroad.exe,17228,0,N/A,
0,"DrawIndexed",10562143700,0,0,silkroad.exe,17228,0,N/A,
0,"DrawIndexed",10562157200,0,0,silkroad.exe,17228,0,N/A,
0,"Present",10567642500,0,0,silkroad.exe,17228,0,N/A,
0,"ClearRenderTargetView",10567645000,0,0,silkroad.exe,17228,0,N/A,
0,"ClearDepthStencilView",10567645300,0,0,silkroad.exe,17228,0,N/A,
0,"DrawIndexed",10568191100,0,0,silkroad.exe,17228,0,N/A,
0,"DrawIndexed",10568204400,0,0,silkroad.exe,17228,0,N/A,
0,"Present",10573687600,0,0,silkroad.exe,17228,2,N/A,
0,"ClearRenderTargetView",10573690500,0,0,silkroad.exe,17228,2,N/A,
0,"ClearDepthStencilView",10573690800,0,0,silkroad.exe,17228,2,N/A,
0,"DrawIndexed",10574131000,0,0,silkroad.exe,17228,2,N/A,
0,"DrawIndexed",10574144500,0,0,silkroad.exe,17228,2,N/A,
0,"Present",10579751400,0,0,silkroad.exe,17228,0,N/A,
0,"ClearRenderTargetView",10579754200,0,0,silkroad.exe,17228,0,N/A,
0,"ClearDepthStencilView",10579754600,0,0,silkroad.exe,17228,0,N/A,
0,"DrawIndexed",10580320900,0,0,silkroad.exe,17228,0,N/A,
0,"DrawIndexed",10580334300,0,0,silkroad.exe,17228,0,N/A,
0,"Present",10585791700,0,0,silkroad.exe,17228,2,N/A,
0,"ClearRenderTargetView",10585794000,0,0,silkroad.exe,17228,2,N/A,
0,"ClearDepthStencilView",10585794300,0,0,silkroad.exe,17228,2,N/A,
0,"DrawIndexed",10586159700,0,0,silkroad.exe,17228,2,N/A,
0,"DrawIndexed",10586171900,0,0,silkroad.exe,17228,2,N/A,
0,"Present",10591910300,0,0,silkroad.exe,17228,2,N/A,
0,"ClearRenderTargetView",10591913300,0,0,silkroad.exe,17228,2,N/A,
0,"ClearDepthStencilView",10591913600,0,0,silkroad.exe,17228,2,N/A,
0,"DrawIndexed",10592383000,0,0,silkroad.exe,17228,2,N/A,
0,"DrawIndexed",10592396500,0,0,silkroad.exe,17228,2,N/A,
0,"Present",10597922300,0,0,silkroad.exe,17228,2,N/A,
0,"ClearRenderTargetView",10597924800,0,0,silkroad.exe,17228,2,N/A,
0,"ClearDepthStencilView",10597925100,0,0,silkroad.exe,17228,2,N/A,
0,"DrawIndexed",10598772200,0,0,silkroad.exe,17228,2,N/A,
0,"DrawIndexed",10598784600,0,0,silkroad.exe,17228,2,N/A,
0,"Present",10604046800,0,0,silkroad.exe,17228,0,N/A,
0,"ClearRenderTargetView",10604049200,0,0,silkroad.exe,17228,0,N/A,
0,"ClearDepthStencilView",10604049400,0,0,silkroad.exe,17228,0,N/A,
0,"DrawIndexed",10604585200,0,0,silkroad.exe,17228,2,N/A,
0,"DrawIndexed",10604597600,0,0,silkroad.exe,17228,2,N/A,
0,"Present",10610071200,0,0,silkroad.exe,17228,2,N/A,
0,"ClearRenderTargetView",10610074400,0,0,silkroad.exe,17228,2,N/A,
0,"ClearDepthStencilView",10610074800,0,0,silkroad.exe,17228,2,N/A,
0,"DrawIndexed",10610486200,0,0,silkroad.exe,17228,2,N/A,
0,"DrawIndexed",10610499100,0,0,silkroad.exe,17228,2,N/A,
0,"Present",10616106500,0,0,silkroad.exe,17228,2,N/A,
0,"ClearRenderTargetView",10616109400,0,0,silkroad.exe,17228,2,N/A,
0,"ClearDepthStencilView",10616109700,0,0,silkroad.exe,17228,2,N/A,
0,"DrawIndexed",10616585800,0,0,silkroad.exe,17228,2,N/A,
0,"DrawIndexed",10616599400,0,0,silkroad.exe,17228,2,N/A,
0,"Present",10622224400,0,0,silkroad.exe,17228,2,N/A,
0,"ClearRenderTargetView",10622226900,0,0,silkroad.exe,17228,2,N/A,
0,"ClearDepthStencilView",10622227200,0,0,silkroad.exe,17228,2,N/A,
0,"DrawIndexed",10622695700,0,0,silkroad.exe,17228,2,N/A,
0,"DrawIndexed",10622708100,0,0,silkroad.exe,17228,2,N/A,
0,"Present",10628202700,0,0,silkroad.exe,17228,2,N/A,
0,"ClearRenderTargetView",10628205100,0,0,silkroad.exe,17228,2,N/A,
0,"ClearDepthStencilView",10628205400,0,0,silkroad.exe,17228,2,N/A,
0,"DrawIndexed",10628626900,0,0,silkroad.exe,17228,2,N/A,
0,"DrawIndexed",10628640300,0,0,silkroad.exe,17228,2,N/A,
0,"Present",10634272200,0,0,silkroad.exe,17228,2,N/A,
0,"ClearRenderTargetView",10634275000,0,0,silkroad.exe,17228,2,N/A,
0,"ClearDepthStencilView",10634275300,0,0,silkroad.exe,17228,2,N/A,
0,"DrawIndexed",10634794000,0,0,silkroad.exe,17228,2,N/A,
0,"DrawIndexed",10634806600,0,0,silkroad.exe,17228,2,N/A,
0,"Present",10640306500,0,0,silkroad.exe,17228,2,N/A,
0,"ClearRenderTargetView",10640308500,0,0,silkroad.exe,17228,2,N/A,
0,"ClearDepthStencilView",10640308700,0,0,silkroad.exe,17228,2,N/A,
0,"DrawIndexed",10640663500,0,0,silkroad.exe,17228,2,N/A,
0,"DrawIndexed",10640675700,0,0,silkroad.exe,17228,2,N/A,
0,"Present",10646362400,0,0,silkroad.exe,17228,2,N/A,
0,"ClearRenderTargetView",10646364500,0,0,silkroad.exe,17228,2,N/A,
0,"ClearDepthStencilView",10646364700,0,0,silkroad.exe,17228,2,N/A,
0,"DrawIndexed",10646753900,0,0,silkroad.exe,17228,2,N/A,
0,"DrawIndexed",10646767200,0,0,silkroad.exe,17228,2,N/A,
0,"Present",10652432000,0,0,silkroad.exe,17228,2,N/A,
0,"ClearRenderTargetView",10652434500,0,0,silkroad.exe,17228,2,N/A,
0,"ClearDepthStencilView",10652434700,0,0,silkroad.exe,17228,2,N/A,
0,"DrawIndexed",10652845500,0,0,silkroad.exe,17228,2,N/A,
0,"DrawIndexed",10652858700,0,0,silkroad.exe,17228,2,N/A,
0,"Present",10658503000,0,0,silkroad.exe,17228,2,N/A,
0,"ClearRenderTargetView",10658505700,0,0,silkroad.exe,17228,2,N/A,
0,"ClearDepthStencilView",10658506000,0,0,silkroad.exe,17228,2,N/A,
0,"DrawIndexed",10658919000,0,0,silkroad.exe,17228,2,N/A,
0,"DrawIndexed",10658932200,0,0,silkroad.exe,17228,2,N/A,
0,"Present",10664552400,0,0,silkroad.exe,17228,2,N/A,
0,"ClearRenderTargetView",10664555200,0,0,silkroad.exe,17228,2,N/A,
0,"ClearDepthStencilView",10664555500,0,0,silkroad.exe,17228,2,N/A,
0,"DrawIndexed",10664982200,0,0,silkroad.exe,17228,2,N/A,
0,"DrawIndexed",10664995500,0,0,silkroad.exe,17228,2,N/A,
0,"Present",10670617200,0,0,silkroad.exe,17228,2,N/A,
0,"ClearRenderTargetView",10670619600,0,0,silkroad.exe,17228,2,N/A,
0,"ClearDepthStencilView",10670619800,0,0,silkroad.exe,17228,2,N/A,
0,"DrawIndexed",10670976900,0,0,silkroad.exe,17228,2,N/A,
0,"DrawIndexed",10670989200,0,0,silkroad.exe,17228,2,N/A,
0,"Present",10676662300,0,0,silkroad.exe,17228,2,N/A,
0,"ClearRenderTargetView",10676664700,0,0,silkroad.exe,17228,2,N/A,
0,"ClearDepthStencilView",10676665000,0,0,silkroad.exe,17228,2,N/A,
0,"DrawIndexed",10677092400,0,0,silkroad.exe,17228,2,N/A,
0,"DrawIndexed",10677105500,0,0,silkroad.exe,17228,2,N/A,
0,"Present",10682717600,0,0,silkroad.exe,17228,2,N/A,
0,"ClearRenderTargetView",10682719800,0,0,silkroad.exe,17228,2,N/A,
0,"ClearDepthStencilView",10682720000,0,0,silkroad.exe,17228,2,N/A,
0,"DrawIndexed",10683082200,0,0,silkroad.exe,17228,2,N/A,
0,"DrawIndexed",10683094500,0,0,silkroad.exe,17228,2,N/A,
0,"Present",10688784000,0,0,silkroad.exe,17228,2,N/A,
0,"ClearRenderTargetView",10688786500,0,0,silkroad.exe,17228,2,N/A,
0,"ClearDepthStencilView",10688786800,0,0,silkroad.exe,17228,2,N/A,
0,"DrawIndexed",10689195100,0,0,silkroad.exe,17228,2,N/A,
0,"DrawIndexed",10689208300,0,0,silkroad.exe,17228,2,N/A,
0,"Present",10694841300,0,0,silkroad.exe,17228,2,N/A,
0,"ClearRenderTargetView",10694844000,0,0,silkroad.exe,17228,2,N/A,
0,"ClearDepthStencilView",10694844300,0,0,silkroad.exe,17228,2,N/A,
0,"DrawIndexed",10695279400,0,0,silkroad.exe,17228,2,N/A,
0,"DrawIndexed",10695292700,0,0,silkroad.exe,17228,2,N/A,
0,"Present",10700902300,0,0,silkroad.exe,17228,2,N/A,
0,"ClearRenderTargetView",10700905200,0,0,silkroad.exe,17228,2,N/A,
0,"ClearDepthStencilView",10700905500,0,0,silkroad.exe,17228,2,N/A,
0,"DrawIndexed",10701318700,0,0,silkroad.exe,17228,2,N/A,
0,"DrawIndexed",10701331900,0,0,silkroad.exe,17228,2,N/A,
0,"Present",10706948000,0,0,silkroad.exe,17228,2,N/A,
0,"ClearRenderTargetView",10706950300,0,0,silkroad.exe,17228,2,N/A,
0,"ClearDepthStencilView",10706950600,0,0,silkroad.exe,17228,2,N/A,
0,"DrawIndexed",10707380800,0,0,silkroad.exe,17228,2,N/A,
0,"DrawIndexed",10707394000,0,0,silkroad.exe,17228,2,N/A,
0,"Present",10713011600,0,0,silkroad.exe,17228,2,N/A,
0,"ClearRenderTargetView",10713014400,0,0,silkroad.exe,17228,2,N/A,
0,"ClearDepthStencilView",10713014700,0,0,silkroad.exe,17228,2,N/A,
0,"DrawIndexed",10713445300,0,0,silkroad.exe,17228,2,N/A,
0,"DrawIndexed",10713458600,0,0,silkroad.exe,17228,2,N/A,
0,"Present",10719075600,0,0,silkroad.exe,17228,2,N/A,
0,"ClearRenderTargetView",10719078400,0,0,silkroad.exe,17228,2,N/A,
0,"ClearDepthStencilView",10719078700,0,0,silkroad.exe,17228,2,N/A,
0,"DrawIndexed",10719494500,0,0,silkroad.exe,17228,2,N/A,
0,"DrawIndexed",10719507800,0,0,silkroad.exe,17228,2,N/A,
0,"Present",10725119200,0,0,silkroad.exe,17228,2,N/A,
0,"ClearRenderTargetView",10725121400,0,0,silkroad.exe,17228,2,N/A,
0,"ClearDepthStencilView",10725121700,0,0,silkroad.exe,17228,2,N/A,
0,"DrawIndexed",10725484600,0,0,silkroad.exe,17228,2,N/A,
0,"DrawIndexed",10725497400,0,0,silkroad.exe,17228,2,N/A,
0,"Present",10731178700,0,0,silkroad.exe,17228,2,N/A,
0,"ClearRenderTargetView",10731181000,0,0,silkroad.exe,17228,2,N/A,
0,"ClearDepthStencilView",10731181300,0,0,silkroad.exe,17228,2,N/A,
0,"DrawIndexed",10731588900,0,0,silkroad.exe,17228,2,N/A,
0,"DrawIndexed",10731602000,0,0,silkroad.exe,17228,2,N/A,
0,"Present",10737240800,0,0,silkroad.exe,17228,2,N/A,
0,"ClearRenderTargetView",10737243300,0,0,silkroad.exe,17228,2,N/A,
0,"ClearDepthStencilView",10737243500,0,0,silkroad.exe,17228,2,N/A,
0,"DrawIndexed",10737658700,0,0,silkroad.exe,17228,2,N/A,
0,"DrawIndexed",10737672300,0,0,silkroad.exe,17228,2,N/A,
0,"Present",10743297200,0,0,silkroad.exe,17228,2,N/A,
0,"ClearRenderTargetView",10743299500,0,0,silkroad.exe,17228,2,N/A,
0,"ClearDepthStencilView",10743299800,0,0,silkroad.exe,17228,2,N/A,
0,"DrawIndexed",10743708700,0,0,silkroad.exe,17228,2,N/A,
0,"DrawIndexed",10743720900,0,0,silkroad.exe,17228,2,N/A,
0,"Present",10749356400,0,0,silkroad.exe,17228,2,N/A,
0,"ClearRenderTargetView",10749358700,0,0,silkroad.exe,17228,2,N/A,
0,"ClearDepthStencilView",10749359000,0,0,silkroad.exe,17228,2,N/A,
0,"DrawIndexed",10749793200,0,0,silkroad.exe,17228,2,N/A,
0,"DrawIndexed",10749806600,0,0,silkroad.exe,17228,2,N/A,
0,"Present",10755428300,0,0,silkroad.exe,17228,0,N/A,
0,"ClearRenderTargetView",10755431200,0,0,silkroad.exe,17228,0,N/A,
0,"ClearDepthStencilView",10755431500,0,0,silkroad.exe,17228,0,N/A,
0,"DrawIndexed",10755956700,0,0,silkroad.exe,17228,0,N/A,
0,"DrawIndexed",10755969000,0,0,silkroad.exe,17228,0,N/A,
0,"Present",10761466500,0,0,silkroad.exe,17228,2,N/A,
0,"ClearRenderTargetView",10761468900,0,0,silkroad.exe,17228,2,N/A,
0,"ClearDepthStencilView",10761469100,0,0,silkroad.exe,17228,2,N/A,
0,"DrawIndexed",10761887800,0,0,silkroad.exe,17228,2,N/A,
0,"DrawIndexed",10761901100,0,0,silkroad.exe,17228,2,N/A,
0,"Present",10767532900,0,0,silkroad.exe,17228,2,N/A,
0,"ClearRenderTargetView",10767535200,0,0,silkroad.exe,17228,2,N/A,
0,"ClearDepthStencilView",10767535500,0,0,silkroad.exe,17228,2,N/A,
0,"DrawIndexed",10767942700,0,0,silkroad.exe,17228,2,N/A,
0,"DrawIndexed",10767955900,0,0,silkroad.exe,17228,2,N/A,
0,"Present",10773596100,0,0,silkroad.exe,17228,0,N/A,
0,"ClearRenderTargetView",10773598900,0,0,silkroad.exe,17228,0,N/A,
0,"ClearDepthStencilView",10773599200,0,0,silkroad.exe,17228,0,N/A,
0,"DrawIndexed",10774156500,0,0,silkroad.exe,17228,0,N/A,
0,"DrawIndexed",10774169900,0,0,silkroad.exe,17228,0,N/A,
0,"Present",10779667400,0,0,silkroad.exe,17228,2,N/A,
0,"ClearRenderTargetView",10779670300,0,0,silkroad.exe,17228,2,N/A,
0,"ClearDepthStencilView",10779670600,0,0,silkroad.exe,17228,2,N/A,
0,"DrawIndexed",10780083700,0,0,silkroad.exe,17228,2,N/A,
0,"DrawIndexed",10780097000,0,0,silkroad.exe,17228,2,N/A,
0,"Present",10785700500,0,0,silkroad.exe,17228,2,N/A,
0,"ClearRenderTargetView",10785702600,0,0,silkroad.exe,17228,2,N/A,
0,"ClearDepthStencilView",10785702800,0,0,silkroad.exe,17228,2,N/A,
0,"DrawIndexed",10786068100,0,0,silkroad.exe,17228,2,N/A,
0,"DrawIndexed",10786080300,0,0,silkroad.exe,17228,2,N/A,
0,"Present",10791780500,0,0,silkroad.exe,17228,2,N/A,
0,"ClearRenderTargetView",10791782800,0,0,silkroad.exe,17228,2,N/A,
0,"ClearDepthStencilView",10791783000,0,0,silkroad.exe,17228,2,N/A,
0,"DrawIndexed",10792174300,0,0,silkroad.exe,17228,2,N/A,
0,"DrawIndexed",10792186600,0,0,silkroad.exe,17228,2,N/A,
0,"Present",10797841600,0,0,silkroad.exe,17228,2,N/A,
0,"ClearRenderTargetView",10797844000,0,0,silkroad.exe,17228,2,N/A,
0,"ClearDepthStencilView",10797844300,0,0,silkroad.exe,17228,2,N/A,
0,"DrawIndexed",10798255000,0,0,silkroad.exe,17228,2,N/A,
0,"DrawIndexed",10798268200,0,0,silkroad.exe,17228,2,N/A,
0,"Present",10803945800,0,0,silkroad.exe,17228,2,N/A,
0,"ClearRenderTargetView",10803948000,0,0,silkroad.exe,17228,2,N/A,
0,"ClearDepthStencilView",10803948300,0,0,silkroad.exe,17228,2,N/A,
0,"DrawIndexed",10804794500,0,0,silkroad.exe,17228,2,N/A,
0,"DrawIndexed",10804807300,0,0,silkroad.exe,17228,2,N/A,
0,"Present",10809941200,0,0,silkroad.exe,17228,6,N/A,
0,"ClearRenderTargetView",10809944100,0,0,silkroad.exe,17228,6,N/A,
0,"ClearDepthStencilView",10809944400,0,0,silkroad.exe,17228,6,N/A,
0,"DrawIndexed",10810358100,0,0,silkroad.exe,17228,6,N/A,
0,"DrawIndexed",10810370700,0,0,silkroad.exe,17228,6,N/A,
0,"Present",10816037300,0,0,silkroad.exe,17228,2,N/A,
0,"ClearRenderTargetView",10816040200,0,0,silkroad.exe,17228,2,N/A,
0,"ClearDepthStencilView",10816040500,0,0,silkroad.exe,17228,2,N/A,
0,"DrawIndexed",10816880500,0,0,silkroad.exe,17228,2,N/A,
0,"DrawIndexed",10816892900,0,0,silkroad.exe,17228,2,N/A,
0,"Present",10822047700,0,0,silkroad.exe,17228,6,N/A,
0,"ClearRenderTargetView",10822050300,0,0,silkroad.exe,17228,6,N/A,
0,"ClearDepthStencilView",10822050600,0,0,silkroad.exe,17228,6,N/A,
0,"DrawIndexed",10822493500,0,0,silkroad.exe,17228,6,N/A,
0,"DrawIndexed",10822507400,0,0,silkroad.exe,17228,6,N/A,
0,"Present",10828128300,0,0,silkroad.exe,17228,2,N/A,
0,"ClearRenderTargetView",10828130600,0,0,silkroad.exe,17228,2,N/A,
0,"ClearDepthStencilView",10828130800,0,0,silkroad.exe,17228,2,N/A,
0,"DrawIndexed",10828533800,0,0,silkroad.exe,17228,2,N/A,
0,"DrawIndexed",10828546500,0,0,silkroad.exe,17228,2,N/A,
0,"Present",10834240700,0,0,silkroad.exe,17228,2,N/A,
0,"ClearRenderTargetView",10834243200,0,0,silkroad.exe,17228,2,N/A,
0,"ClearDepthStencilView",10834243400,0,0,silkroad.exe,17228,2,N/A,
0,"DrawIndexed",10834867000,0,0,silkroad.exe,17228,2,N/A,
0,"DrawIndexed",10834879400,0,0,silkroad.exe,17228,2,N/A,
0,"Present",10840232900,0,0,silkroad.exe,17228,2,N/A,
0,"ClearRenderTargetView",10840235300,0,0,silkroad.exe,17228,2,N/A,
0,"ClearDepthStencilView",10840235600,0,0,silkroad.exe,17228,2,N/A,
0,"DrawIndexed",10840695300,0,0,silkroad.exe,17228,2,N/A,
0,"DrawIndexed",10840708200,0,0,silkroad.exe,17228,2,N/A,
0,"Present",10846280100,0,0,silkroad.exe,17228,2,N/A,
0,"ClearRenderTargetView",10846282100,0,0,silkroad.exe,17228,2,N/A,
0,"ClearDepthStencilView",10846282300,0,0,silkroad.exe,17228,2,N/A,
0,"DrawIndexed",10846635200,0,0,silkroad.exe,17228,2,N/A,
0,"DrawIndexed",10846648600,0,0,silkroad.exe,17228,2,N/A,
0,"Present",10852332100,0,0,silkroad.exe,17228,2,N/A,
0,"ClearRenderTargetView",10852334500,0,0,silkroad.exe,17228,2,N/A,
0,"ClearDepthStencilView",10852334800,0,0,silkroad.exe,17228,2,N/A,
0,"DrawIndexed",10852738600,0,0,silkroad.exe,17228,2,N/A,
0,"DrawIndexed",10852750900,0,0,silkroad.exe,17228,2,N/A,
0,"Present",10858401400,0,0,silkroad.exe,17228,2,N/A,
0,"ClearRenderTargetView",10858405100,0,0,silkroad.exe,17228,2,N/A,
0,"ClearDepthStencilView",10858405400,0,0,silkroad.exe,17228,2,N/A,
0,"DrawIndexed",10858799600,0,0,silkroad.exe,17228,2,N/A,
0,"DrawIndexed",10858811800,0,0,silkroad.exe,17228,2,N/A,
0,"Present",10864458500,0,0,silkroad.exe,17228,2,N/A,
0,"ClearRenderTargetView",10864461400,0,0,silkroad.exe,17228,2,N/A,
0,"ClearDepthStencilView",10864461700,0,0,silkroad.exe,17228,2,N/A,
0,"DrawIndexed",10864862200,0,0,silkroad.exe,17228,2,N/A,
0,"DrawIndexed",10864874600,0,0,silkroad.exe,17228,2,N/A,
0,"Present",10870508500,0,0,silkroad.exe,17228,2,N/A,
0,"ClearRenderTargetView",10870510800,0,0,silkroad.exe,17228,2,N/A,
0,"ClearDepthStencilView",10870511000,0,0,silkroad.exe,17228,2,N/A,
0,"DrawIndexed",10870917800,0,0,silkroad.exe,17228,2,N/A,
0,"DrawIndexed",10870930900,0,0,silkroad.exe,17228,2,N/A,
0,"Present",10876596000,0,0,silkroad.exe,17228,2,N/A,
0,"ClearRenderTargetView",10876599200,0,0,silkroad.exe,17228,2,N/A,
0,"ClearDepthStencilView",10876599600,0,0,silkroad.exe,17228,2,N/A,
0,"DrawIndexed",10877008200,0,0,silkroad.exe,17228,2,N/A,
0,"DrawIndexed",10877021500,0,0,silkroad.exe,17228,2,N/A,
0,"Present",10882635400,0,0,silkroad.exe,17228,2,N/A,
0,"ClearRenderTargetView",10882637900,0,0,silkroad.exe,17228,2,N/A,
0,"ClearDepthStencilView",10882638200,0,0,silkroad.exe,17228,2,N/A,
0,"DrawIndexed",10883076700,0,0,silkroad.exe,17228,2,N/A,
0,"DrawIndexed",10883089900,0,0,silkroad.exe,17228,2,N/A,
0,"Present",10888685800,0,0,silkroad.exe,17228,2,N/A,
0,"ClearRenderTargetView",10888688300,0,0,silkroad.exe,17228,2,N/A,
0,"ClearDepthStencilView",10888688500,0,0,silkroad.exe,17228,2,N/A,
0,"DrawIndexed",10889096500,0,0,silkroad.exe,17228,2,N/A,
0,"DrawIndexed",10889109800,0,0,silkroad.exe,17228,2,N/A,
0,"Present",10894760100,0,0,silkroad.exe,17228,2,N/A,
0,"ClearRenderTargetView",10894762800,0,0,silkroad.exe,17228,2,N/A,
0,"ClearDepthStencilView",10894763200,0,0,silkroad.exe,17228,2,N/A,
0,"DrawIndexed",10895197000,0,0,silkroad.exe,17228,2,N/A,
0,"DrawIndexed",10895210400,0,0,silkroad.exe,17228,2,N/A,
0,"Present",10900799500,0,0,silkroad.exe,17228,2,N/A,
0,"ClearRenderTargetView",10900801700,0,0,silkroad.exe,17228,2,N/A,
0,"ClearDepthStencilView",10900802000,0,0,silkroad.exe,17228,2,N/A,
0,"DrawIndexed",10901222100,0,0,silkroad.exe,17228,2,N/A,
0,"DrawIndexed",10901235600,0,0,silkroad.exe,17228,2,N/A,
0,"Present",10906846300,0,0,silkroad.exe,17228,2,N/A,
0,"ClearRenderTargetView",10906848500,0,0,silkroad.exe,17228,2,N/A,
0,"ClearDepthStencilView",10906848700,0,0,silkroad.exe,17228,2,N/A,
0,"DrawIndexed",10907213800,0,0,silkroad.exe,17228,2,N/A,
0,"DrawIndexed",10907226000,0,0,silkroad.exe,17228,2,N/A,
0,"Present",10912913500,0,0,silkroad.exe,17228,2,N/A,
0,"ClearRenderTargetView",10912916200,0,0,silkroad.exe,17228,2,N/A,
0,"ClearDepthStencilView",10912916500,0,0,silkroad.exe,17228,2,N/A,
0,"DrawIndexed",10913328700,0,0,silkroad.exe,17228,2,N/A,
0,"DrawIndexed",10913342100,0,0,silkroad.exe,17228,2,N/A,
0,"Present",10918967900,0,0,silkroad.exe,17228,2,N/A,
0,"ClearRenderTargetView",10918970300,0,0,silkroad.exe,17228,2,N/A,
0,"ClearDepthStencilView",10918970500,0,0,silkroad.exe,17228,2,N/A,
0,"DrawIndexed",10919391200,0,0,silkroad.exe,17228,2,N/A,
0,"DrawIndexed",10919404600,0,0,silkroad.exe,17228,2,N/A,
0,"Present",10925022400,0,0,silkroad.exe,17228,2,N/A,
0,"ClearRenderTargetView",10925024500,0,0,silkroad.exe,17228,2,N/A,
0,"ClearDepthStencilView",10925024700,0,0,silkroad.exe,17228,2,N/A,
0,"DrawIndexed",10925402900,0,0,silkroad.exe,17228,2,N/A,
0,"DrawIndexed",10925415200,0,0,silkroad.exe,17228,2,N/A,
0,"Present",10931087400,0,0,silkroad.exe,17228,2,N/A,
0,"ClearRenderTargetView",10931090200,0,0,silkroad.exe,17228,2,N/A,
0,"ClearDepthStencilView",10931090500,0,0,silkroad.exe,17228,2,N/A,
0,"DrawIndexed",10931521300,0,0,silkroad.exe,17228,2,N/A,
0,"DrawIndexed",10931534700,0,0,silkroad.exe,17228,2,N/A,
0,"Present",10937147600,0,0,silkroad.exe,17228,2,N/A,
0,"ClearRenderTargetView",10937150100,0,0,silkroad.exe,17228,2,N/A,
0,"ClearDepthStencilView",10937150300,0,0,silkroad.exe,17228,2,N/A,
0,"DrawIndexed",10937632700,0,0,silkroad.exe,17228,2,N/A,
0,"DrawIndexed",10937646100,0,0,silkroad.exe,17228,2,N/A,
0,"Present",10943207600,0,0,silkroad.exe,17228,2,N/A,
0,"ClearRenderTargetView",10943210400,0,0,silkroad.exe,17228,2,N/A,
0,"ClearDepthStencilView",10943210700,0,0,silkroad.exe,17228,2,N/A,
0,"DrawIndexed",10943638400,0,0,silkroad.exe,17228,2,N/A,
0,"DrawIndexed",10943653200,0,0,silkroad.exe,17228,2,N/A,
0,"Present",10949255500,0,0,silkroad.exe,17228,2,N/A,
0,"ClearRenderTargetView",10949257800,0,0,silkroad.exe,17228,2,N/A,
0,"ClearDepthStencilView",10949258100,0,0,silkroad.exe,17228,2,N/A,
0,"DrawIndexed",10949688500,0,0,silkroad.exe,17228,2,N/A,
0,"DrawIndexed",10949700700,0,0,silkroad.exe,17228,2,N/A,
0,"Present",10955319300,0,0,silkroad.exe,17228,2,N/A,
0,"ClearRenderTargetView",10955321900,0,0,silkroad.exe,17228,2,N/A,
0,"ClearDepthStencilView",10955322200,0,0,silkroad.exe,17228,2,N/A,
0,"DrawIndexed",10955736300,0,0,silkroad.exe,17228,2,N/A,
0,"DrawIndexed",10955748600,0,0,silkroad.exe,17228,2,N/A,
0,"Present",10961378000,0,0,silkroad.exe,17228,2,N/A,
0,"ClearRenderTargetView",10961380800,0,0,silkroad.exe,17228,2,N/A,
0,"ClearDepthStencilView",10961381000,0,0,silkroad.exe,17228,2,N/A,
0,"DrawIndexed",10961792900,0,0,silkroad.exe,17228,2,N/A,
0,"DrawIndexed",10961806200,0,0,silkroad.exe,17228,2,N/A,
0,"Present",10967429900,0,0,silkroad.exe,17228,2,N/A,
0,"ClearRenderTargetView",10967432300,0,0,silkroad.exe,17228,2,N/A,
0,"ClearDepthStencilView",10967432500,0,0,silkroad.exe,17228,2,N/A,
0,"DrawIndexed",10967850500,0,0,silkroad.exe,17228,2,N/A,
0,"DrawIndexed",10967863800,0,0,silkroad.exe,17228,2,N/A,
0,"Present",10973497200,0,0,silkroad.exe,17228,2,N/A,
0,"ClearRenderTargetView",10973499800,0,0,silkroad.exe,17228,2,N/A,
0,"ClearDepthStencilView",10973500100,0,0,silkroad.exe,17228,2,N/A,
0,"DrawIndexed",10973895100,0,0,silkroad.exe,17228,2,N/A,
0,"DrawIndexed",10973907500,0,0,silkroad.exe,17228,2,N/A,
0,"Present",10979567000,0,0,silkroad.exe,17228,2,N/A,
0,"ClearRenderTargetView",10979569400,0,0,silkroad.exe,17228,2,N/A,
0,"ClearDepthStencilView",10979569700,0,0,silkroad.exe,17228,2,N/A,
0,"DrawIndexed",10979976900,0,0,silkroad.exe,17228,2,N/A,
0,"DrawIndexed",10979990100,0,0,silkroad.exe,17228,2,N/A,
0,"Present",10985608500,0,0,silkroad.exe,17228,2,N/A,
0,"ClearRenderTargetView",10985610900,0,0,silkroad.exe,17228,2,N/A,
0,"ClearDepthStencilView",10985611100,0,0,silkroad.exe,17228,2,N/A,
0,"DrawIndexed",10986029300,0,0,silkroad.exe,17228,2,N/A,
0,"DrawIndexed",10986042600,0,0,silkroad.exe,17228,2,N/A,
0,"Present",10991667400,0,0,silkroad.exe,17228,2,N/A,
0,"ClearRenderTargetView",10991669900,0,0,silkroad.exe,17228,2,N/A,
0,"ClearDepthStencilView",10991670200,0,0,silkroad.exe,17228,2,N/A,
0,"DrawIndexed",10992030500,0,0,silkroad.exe,17228,2,N/A,
0,"DrawIndexed",10992042800,0,0,silkroad.exe,17228,2,N/A,
0,"Present",10997758300,0,0,silkroad.exe,17228,2,N/A,
0,"ClearRenderTargetView",10997760700,0,0,silkroad.exe,17228,2,N/A,
0,"ClearDepthStencilView",10997761000,0,0,silkroad.exe,17228,2,N/A,
0,"DrawIndexed",10998231700,0,0,silkroad.exe,17228,2,N/A,
0,"DrawIndexed",10998245200,0,0,silkroad.exe,17228,2,N/A,
0,"Present",11003785500,0,0,silkroad.exe,17228,2,N/A,
0,"ClearRenderTargetView",11003787900,0,0,silkroad.exe,17228,2,N/A,
0,"ClearDepthStencilView",11003788200,0,0,silkroad.exe,17228,2,N/A,
0,"DrawIndexed",11004980600,0,0,silkroad.exe,17228,2,N/A,
0,"DrawIndexed",11004993100,0,0,silkroad.exe,17228,2,N/A,
0,"Present",11009917400,0,0,silkroad.exe,17228,6,N/A,
0,"ClearRenderTargetView",11009920200,0,0,silkroad.exe,17228,6,N/A,
0,"ClearDepthStencilView",11009920400,0,0,silkroad.exe,17228,6,N/A,
0,"DrawIndexed",11010368700,0,0,silkroad.exe,17228,2,N/A,
0,"DrawIndexed",11010382600,0,0,silkroad.exe,17228,2,N/A,
0,"Present",11015915600,0,0,silkroad.exe,17228,2,N/A,
0,"ClearRenderTargetView",11015917700,0,0,silkroad.exe,17228,2,N/A,
0,"ClearDepthStencilView",11015918000,0,0,silkroad.exe,17228,2,N/A,
0,"DrawIndexed",11016284800,0,0,silkroad.exe,17228,2,N/A,
0,"DrawIndexed",11016297000,0,0,silkroad.exe,17228,2,N/A,
0,"Present",11021990900,0,0,silkroad.exe,17228,2,N/A,
0,"ClearRenderTargetView",11021994400,0,0,silkroad.exe,17228,2,N/A,
0,"ClearDepthStencilView",11021995000,0,0,silkroad.exe,17228,2,N/A,
0,"DrawIndexed",11022474600,0,0,silkroad.exe,17228,2,N/A,
0,"DrawIndexed",11022488500,0,0,silkroad.exe,17228,2,N/A,
0,"Present",11028013900,0,0,silkroad.exe,17228,2,N/A,
0,"ClearRenderTargetView",11028016400,0,0,silkroad.exe,17228,2,N/A,
0,"ClearDepthStencilView",11028016700,0,0,silkroad.exe,17228,2,N/A,
0,"DrawIndexed",11028447900,0,0,silkroad.exe,17228,2,N/A,
0,"DrawIndexed",11028461300,0,0,silkroad.exe,17228,2,N/A,
0,"Present",11034145500,0,0,silkroad.exe,17228,2,N/A,
0,"ClearRenderTargetView",11034147700,0,0,silkroad.exe,17228,2,N/A,
0,"ClearDepthStencilView",11034147900,0,0,silkroad.exe,17228,2,N/A,
0,"DrawIndexed",11034975100,0,0,silkroad.exe,17228,2,N/A,
0,"DrawIndexed",11034988300,0,0,silkroad.exe,17228,2,N/A,
0,"Present",11040138600,0,0,silkroad.exe,17228,2,N/A,
0,"ClearRenderTargetView",11040140900,0,0,silkroad.exe,17228,2,N/A,
0,"ClearDepthStencilView",11040141200,0,0,silkroad.exe,17228,2,N/A,
0,"DrawIndexed",11040548800,0,0,silkroad.exe,17228,2,N/A,
0,"DrawIndexed",11040562100,0,0,silkroad.exe,17228,2,N/A,
0,"Present",11046181900,0,0,silkroad.exe,17228,2,N/A,
0,"ClearRenderTargetView",11046184300,0,0,silkroad.exe,17228,2,N/A,
0,"ClearDepthStencilView",11046184600,0,0,silkroad.exe,17228,2,N/A,
0,"DrawIndexed",11046663100,0,0,silkroad.exe,17228,2,N/A,
0,"DrawIndexed",11046676900,0,0,silkroad.exe,17228,2,N/A,
0,"Present",11052242800,0,0,silkroad.exe,17228,2,N/A,
0,"ClearRenderTargetView",11052245000,0,0,silkroad.exe,17228,2,N/A,
0,"ClearDepthStencilView",11052245200,0,0,silkroad.exe,17228,2,N/A,
0,"DrawIndexed",11052698400,0,0,silkroad.exe,17228,0,N/A,
0,"DrawIndexed",11052711400,0,0,silkroad.exe,17228,0,N/A,
0,"Present",11058298500,0,0,silkroad.exe,17228,2,N/A,
0,"ClearRenderTargetView",11058301000,0,0,silkroad.exe,17228,2,N/A,
0,"ClearDepthStencilView",11058301300,0,0,silkroad.exe,17228,2,N/A,
0,"DrawIndexed",11058712400,0,0,silkroad.exe,17228,2,N/A,
0,"DrawIndexed",11058724600,0,0,silkroad.exe,17228,2,N/A,
0,"Present",11064360700,0,0,silkroad.exe,17228,2,N/A,
0,"ClearRenderTargetView",11064363000,0,0,silkroad.exe,17228,2,N/A,
0,"ClearDepthStencilView",11064363300,0,0,silkroad.exe,17228,2,N/A,
0,"DrawIndexed",11064761000,0,0,silkroad.exe,17228,2,N/A,
0,"DrawIndexed",11064773500,0,0,silkroad.exe,17228,2,N/A,
0,"Present",11070425500,0,0,silkroad.exe,17228,0,N/A,
0,"ClearRenderTargetView",11070428300,0,0,silkroad.exe,17228,0,N/A,
0,"ClearDepthStencilView",11070428600,0,0,silkroad.exe,17228,0,N/A,
0,"DrawIndexed",11070930100,0,0,silkroad.exe,17228,0,N/A,
0,"DrawIndexed",11070942500,0,0,silkroad.exe,17228,0,N/A,
0,"Present",11076478300,0,0,silkroad.exe,17228,2,N/A,
0,"ClearRenderTargetView",11076481200,0,0,silkroad.exe,17228,2,N/A,
0,"ClearDepthStencilView",11076481500,0,0,silkroad.exe,17228,2,N/A,
0,"DrawIndexed",11076893800,0,0,silkroad.exe,17228,2,N/A,
0,"DrawIndexed",11076907000,0,0,silkroad.exe,17228,2,N/A,
0,"Present",11082531500,0,0,silkroad.exe,17228,2,N/A,
0,"ClearRenderTargetView",11082533700,0,0,silkroad.exe,17228,2,N/A,
0,"ClearDepthStencilView",11082533900,0,0,silkroad.exe,17228,2,N/A,
0,"DrawIndexed",11082956300,0,0,silkroad.exe,17228,2,N/A,
0,"DrawIndexed",11082969600,0,0,silkroad.exe,17228,2,N/A,
0,"Present",11088588000,0,0,silkroad.exe,17228,2,N/A,
0,"ClearRenderTargetView",11088590500,0,0,silkroad.exe,17228,2,N/A,
0,"ClearDepthStencilView",11088590800,0,0,silkroad.exe,17228,2,N/A,
0,"DrawIndexed",11089001000,0,0,silkroad.exe,17228,2,N/A,
0,"DrawIndexed",11089014200,0,0,silkroad.exe,17228,2,N/A,
0,"Present",11094661600,0,0,silkroad.exe,17228,0,N/A,
0,"ClearRenderTargetView",11094664800,0,0,silkroad.exe,17228,0,N/A,
0,"ClearDepthStencilView",11094665100,0,0,silkroad.exe,17228,0,N/A,
0,"DrawIndexed",11095129500,0,0,silkroad.exe,17228,0,N/A,
0,"DrawIndexed",11095141800,0,0,silkroad.exe,17228,0,N/A,
0,"Present",11100734000,0,0,silkroad.exe,17228,2,N/A,
0,"ClearRenderTargetView",11100737000,0,0,silkroad.exe,17228,2,N/A,
0,"ClearDepthStencilView",11100737300,0,0,silkroad.exe,17228,2,N/A,
0,"DrawIndexed",11101163600,0,0,silkroad.exe,17228,2,N/A,
0,"DrawIndexed",11101177300,0,0,silkroad.exe,17228,2,N/A,
0,"Present",11106758500,0,0,silkroad.exe,17228,2,N/A,
0,"ClearRenderTargetView",11106760800,0,0,silkroad.exe,17228,2,N/A,
0,"ClearDepthStencilView",11106761100,0,0,silkroad.exe,17228,2,N/A,
0,"DrawIndexed",11107183800,0,0,silkroad.exe,17228,2,N/A,
0,"DrawIndexed",11107197100,0,0,silkroad.exe,17228,2,N/A,
0,"Present",11112822200,0,0,silkroad.exe,17228,2,N/A,
0,"ClearRenderTargetView",11112824600,0,0,silkroad.exe,17228,2,N/A,
0,"ClearDepthStencilView",11112824900,0,0,silkroad.exe,17228,2,N/A,
0,"DrawIndexed",11113234300,0,0,silkroad.exe,17228,2,N/A,
0,"DrawIndexed",11113247400,0,0,silkroad.exe,17228,2,N/A,
0,"Present",11118879300,0,0,silkroad.exe,17228,2,N/A,
0,"ClearRenderTargetView",11118882000,0,0,silkroad.exe,17228,2,N/A,
0,"ClearDepthStencilView",11118882300,0,0,silkroad.exe,17228,2,N/A,
0,"DrawIndexed",11119296100,0,0,silkroad.exe,17228,2,N/A,
0,"DrawIndexed",11119309400,0,0,silkroad.exe,17228,2,N/A,
0,"Present",11124936000,0,0,silkroad.exe,17228,2,N/A,
0,"ClearRenderTargetView",11124938200,0,0,silkroad.exe,17228,2,N/A,
0,"ClearDepthStencilView",11124938500,0,0,silkroad.exe,17228,2,N/A,
0,"DrawIndexed",11125361500,0,0,silkroad.exe,17228,2,N/A,
0,"DrawIndexed",11125374800,0,0,silkroad.exe,17228,2,N/A,
0,"Present",11130979400,0,0,silkroad.exe,17228,2,N/A,
0,"ClearRenderTargetView",11130981600,0,0,silkroad.exe,17228,2,N/A,
0,"ClearDepthStencilView",11130981900,0,0,silkroad.exe,17228,2,N/A,
0,"DrawIndexed",11131334400,0,0,silkroad.exe,17228,2,N/A,
0,"DrawIndexed",11131346600,0,0,silkroad.exe,17228,2,N/A,
0,"Present",11137039600,0,0,silkroad.exe,17228,2,N/A,
0,"ClearRenderTargetView",11137041900,0,0,silkroad.exe,17228,2,N/A,
0,"ClearDepthStencilView",11137042200,0,0,silkroad.exe,17228,2,N/A,
0,"DrawIndexed",11137458700,0,0,silkroad.exe,17228,2,N/A,
0,"DrawIndexed",11137471900,0,0,silkroad.exe,17228,2,N/A,
0,"Present",11143118100,0,0,silkroad.exe,17228,0,N/A,
0,"ClearRenderTargetView",11143120600,0,0,silkroad.exe,17228,0,N/A,
0,"ClearDepthStencilView",11143120900,0,0,silkroad.exe,17228,0,N/A,
0,"DrawIndexed",11143706400,0,0,silkroad.exe,17228,2,N/A,
0,"DrawIndexed",11143718900,0,0,silkroad.exe,17228,2,N/A,
0,"Present",11149178400,0,0,silkroad.exe,17228,2,N/A,
0,"ClearRenderTargetView",11149181200,0,0,silkroad.exe,17228,2,N/A,
0,"ClearDepthStencilView",11149181400,0,0,silkroad.exe,17228,2,N/A,
0,"DrawIndexed",11149545500,0,0,silkroad.exe,17228,2,N/A,
0,"DrawIndexed",11149557900,0,0,silkroad.exe,17228,2,N/A,
0,"Present",11155222000,0,0,silkroad.exe,17228,2,N/A,
0,"ClearRenderTargetView",11155224300,0,0,silkroad.exe,17228,2,N/A,
0,"ClearDepthStencilView",11155224600,0,0,silkroad.exe,17228,2,N/A,
0,"DrawIndexed",11155642800,0,0,silkroad.exe,17228,2,N/A,
0,"DrawIndexed",11155656400,0,0,silkroad.exe,17228,2,N/A,
0,"Present",11161291500,0,0,silkroad.exe,17228,2,N/A,
0,"ClearRenderTargetView",11161294000,0,0,silkroad.exe,17228,2,N/A,
0,"ClearDepthStencilView",11161294300,0,0,silkroad.exe,17228,2,N/A,
0,"DrawIndexed",11161697300,0,0,silkroad.exe,17228,2,N/A,
0,"DrawIndexed",11161709700,0,0,silkroad.exe,17228,2,N/A,
0,"Present",11167328200,0,0,silkroad.exe,17228,2,N/A,
0,"ClearRenderTargetView",11167330700,0,0,silkroad.exe,17228,2,N/A,
0,"ClearDepthStencilView",11167330900,0,0,silkroad.exe,17228,2,N/A,
0,"DrawIndexed",11167741000,0,0,silkroad.exe,17228,2,N/A,
0,"DrawIndexed",11167754900,0,0,silkroad.exe,17228,2,N/A,
0,"Present",11173419400,0,0,silkroad.exe,17228,0,N/A,
0,"ClearRenderTargetView",11173422200,0,0,silkroad.exe,17228,0,N/A,
0,"ClearDepthStencilView",11173422400,0,0,silkroad.exe,17228,0,N/A,
0,"DrawIndexed",11173939400,0,0,silkroad.exe,17228,0,N/A,
0,"DrawIndexed",11173951900,0,0,silkroad.exe,17228,0,N/A,
0,"Present",11179480100,0,0,silkroad.exe,17228,4,N/A,
0,"ClearRenderTargetView",11179483000,0,0,silkroad.exe,17228,4,N/A,
0,"ClearDepthStencilView",11179483300,0,0,silkroad.exe,17228,4,N/A,
0,"DrawIndexed",11179936500,0,0,silkroad.exe,17228,4,N/A,
0,"DrawIndexed",11179949400,0,0,silkroad.exe,17228,4,N/A,
0,"Present",11185537000,0,0,silkroad.exe,17228,0,N/A,
0,"ClearRenderTargetView",11185539800,0,0,silkroad.exe,17228,0,N/A,
0,"ClearDepthStencilView",11185540300,0,0,silkroad.exe,17228,0,N/A,
0,"DrawIndexed",11186104500,0,0,silkroad.exe,17228,0,N/A,
0,"DrawIndexed",11186117100,0,0,silkroad.exe,17228,0,N/A,
0,"Present",11191566400,0,0,silkroad.exe,17228,0,N/A,
0,"ClearRenderTargetView",11191568900,0,0,silkroad.exe,17228,0,N/A,
0,"ClearDepthStencilView",11191569200,0,0,silkroad.exe,17228,0,N/A,
0,"DrawIndexed",11192083800,0,0,silkroad.exe,17228,0,N/A,
0,"DrawIndexed",11192096200,0,0,silkroad.exe,17228,0,N/A,
0,"Present",11197701400,0,0,silkroad.exe,17228,2,N/A,
0,"ClearRenderTargetView",11197705000,0,0,silkroad.exe,17228,2,N/A,
0,"ClearDepthStencilView",11197705400,0,0,silkroad.exe,17228,2,N/A,
0,"DrawIndexed",11198187100,0,0,silkroad.exe,17228,2,N/A,
0,"DrawIndexed",11198205600,0,0,silkroad.exe,17228,2,N/A,
0,"Present",11203762900,0,0,silkroad.exe,17228,2,N/A,
0,"ClearRenderTargetView",11203765400,0,0,silkroad.exe,17228,2,N/A,
0,"ClearDepthStencilView",11203765700,0,0,silkroad.exe,17228,2,N/A,
0,"DrawIndexed",11204180400,0,0,silkroad.exe,17228,2,N/A,
0,"DrawIndexed",11204194000,0,0,silkroad.exe,17228,2,N/A,
0,"Present",11209823700,0,0,silkroad.exe,17228,6,N/A,
0,"ClearRenderTargetView",11209826200,0,0,silkroad.exe,17228,6,N/A,
0,"ClearDepthStencilView",11209826500,0,0,silkroad.exe,17228,6,N/A,
0,"DrawIndexed",11210234900,0,0,silkroad.exe,17228,6,N/A,
0,"DrawIndexed",11210247200,0,0,silkroad.exe,17228,6,N/A,
0,"Present",11215809800,0,0,silkroad.exe,17228,2,N/A,
0,"ClearRenderTargetView",11215812500,0,0,silkroad.exe,17228,2,N/A,
0,"ClearDepthStencilView",11215812800,0,0,silkroad.exe,17228,2,N/A,
0,"DrawIndexed",11216234200,0,0,silkroad.exe,17228,2,N/A,
0,"DrawIndexed",11216247700,0,0,silkroad.exe,17228,2,N/A,
0,"Present",11221896200,0,0,silkroad.exe,17228,2,N/A,
0,"ClearRenderTargetView",11221899100,0,0,silkroad.exe,17228,2,N/A,
0,"ClearDepthStencilView",11221899400,0,0,silkroad.exe,17228,2,N/A,
0,"DrawIndexed",11222771900,0,0,silkroad.exe,17228,2,N/A,
0,"DrawIndexed",11222784300,0,0,silkroad.exe,17228,2,N/A,
0,"Present",11227919800,0,0,silkroad.exe,17228,2,N/A,
0,"ClearRenderTargetView",11227922400,0,0,silkroad.exe,17228,2,N/A,
0,"ClearDepthStencilView",11227922700,0,0,silkroad.exe,17228,2,N/A,
0,"DrawIndexed",11228332400,0,0,silkroad.exe,17228,2,N/A,
0,"DrawIndexed",11228345800,0,0,silkroad.exe,17228,2,N/A,
0,"Present",11234007900,0,0,silkroad.exe,17228,0,N/A,
0,"ClearRenderTargetView",11234012000,0,0,silkroad.exe,17228,0,N/A,
0,"ClearDepthStencilView",11234012400,0,0,silkroad.exe,17228,0,N/A,
0,"DrawIndexed",11234529700,0,0,silkroad.exe,17228,0,N/A,
0,"DrawIndexed",11234542600,0,0,silkroad.exe,17228,0,N/A,
0,"Present",11240052300,0,0,silkroad.exe,17228,2,N/A,
0,"ClearRenderTargetView",11240055100,0,0,silkroad.exe,17228,2,N/A,
0,"ClearDepthStencilView",11240055300,0,0,silkroad.exe,17228,2,N/A,
0,"DrawIndexed",11240472100,0,0,silkroad.exe,17228,2,N/A,
0,"DrawIndexed",11240485800,0,0,silkroad.exe,17228,2,N/A,
0,"Present",11246158800,0,0,silkroad.exe,17228,2,N/A,
0,"ClearRenderTargetView",11246161300,0,0,silkroad.exe,17228,2,N/A,
0,"ClearDepthStencilView",11246161500,0,0,silkroad.exe,17228,2,N/A,
0,"DrawIndexed",11246645900,0,0,silkroad.exe,17228,0,N/A,
0,"DrawIndexed",11246659700,0,0,silkroad.exe,17228,0,N/A,
0,"Present",11252141900,0,0,silkroad.exe,17228,2,N/A,
0,"ClearRenderTargetView",11252144000,0,0,silkroad.exe,17228,2,N/A,
0,"ClearDepthStencilView",11252144200,0,0,silkroad.exe,17228,2,N/A,
0,"DrawIndexed",11252548700,0,0,silkroad.exe,17228,2,N/A,
0,"DrawIndexed",11252562200,0,0,silkroad.exe,17228,2,N/A,
0,"Present",11258204500,0,0,silkroad.exe,17228,2,N/A,
0,"ClearRenderTargetView",11258207300,0,0,silkroad.exe,17228,2,N/A,
0,"ClearDepthStencilView",11258207600,0,0,silkroad.exe,17228,2,N/A,
0,"DrawIndexed",11258632700,0,0,silkroad.exe,17228,2,N/A,
0,"DrawIndexed",11258646200,0,0,silkroad.exe,17228,2,N/A,
0,"Present",11264254900,0,0,silkroad.exe,17228,2,N/A,
0,"ClearRenderTargetView",11264257100,0,0,silkroad.exe,17228,2,N/A,
0,"ClearDepthStencilView",11264257400,0,0,silkroad.exe,17228,2,N/A,
0,"DrawIndexed",11264664200,0,0,silkroad.exe,17228,2,N/A,
0,"DrawIndexed",11264677900,0,0,silkroad.exe,17228,2,N/A,
0,"Present",11270313200,0,0,silkroad.exe,17228,2,N/A,
0,"ClearRenderTargetView",11270315600,0,0,silkroad.exe,17228,2,N/A,
0,"ClearDepthStencilView",11270315800,0,0,silkroad.exe,17228,2,N/A,
0,"DrawIndexed",11270722000,0,0,silkroad.exe,17228,2,N/A,
0,"DrawIndexed",11270734200,0,0,silkroad.exe,17228,2,N/A,
0,"Present",11276373500,0,0,silkroad.exe,17228,2,N/A,
0,"ClearRenderTargetView",11276376000,0,0,silkroad.exe,17228,2,N/A,
0,"ClearDepthStencilView",11276376200,0,0,silkroad.exe,17228,2,N/A,
0,"DrawIndexed",11276789400,0,0,silkroad.exe,17228,2,N/A,
0,"DrawIndexed",11276802800,0,0,silkroad.exe,17228,2,N/A,
0,"Present",11282480400,0,0,silkroad.exe,17228,0,N/A,
0,"ClearRenderTargetView",11282483200,0,0,silkroad.exe,17228,0,N/A,
0,"ClearDepthStencilView",11282483500,0,0,silkroad.exe,17228,0,N/A,
0,"DrawIndexed",11283016200,0,0,silkroad.exe,17228,0,N/A,
0,"DrawIndexed",11283030200,0,0,silkroad.exe,17228,0,N/A,
0,"Present",11288501200,0,0,silkroad.exe,17228,2,N/A,
0,"ClearRenderTargetView",11288504000,0,0,silkroad.exe,17228,2,N/A,
0,"ClearDepthStencilView",11288504300,0,0,silkroad.exe,17228,2,N/A,
0,"DrawIndexed",11288931700,0,0,silkroad.exe,17228,2,N/A,
0,"DrawIndexed",11288945100,0,0,silkroad.exe,17228,2,N/A,
0,"Present",11294546100,0,0,silkroad.exe,17228,2,N/A,
0,"ClearRenderTargetView",11294548400,0,0,silkroad.exe,17228,2,N/A,
0,"ClearDepthStencilView",11294548700,0,0,silkroad.exe,17228,2,N/A,
0,"DrawIndexed",11294956100,0,0,silkroad.exe,17228,2,N/A,
0,"DrawIndexed",11294969400,0,0,silkroad.exe,17228,2,N/A,
0,"Present",11300598300,0,0,silkroad.exe,17228,2,N/A,
0,"ClearRenderTargetView",11300600600,0,0,silkroad.exe,17228,2,N/A,
0,"ClearDepthStencilView",11300600900,0,0,silkroad.exe,17228,2,N/A,
0,"DrawIndexed",11301031000,0,0,silkroad.exe,17228,2,N/A,
0,"DrawIndexed",11301044200,0,0,silkroad.exe,17228,2,N/A,
0,"Present",11306665900,0,0,silkroad.exe,17228,2,N/A,
0,"ClearRenderTargetView",11306668400,0,0,silkroad.exe,17228,2,N/A,
0,"ClearDepthStencilView",11306668700,0,0,silkroad.exe,17228,2,N/A,
0,"DrawIndexed",11307076100,0,0,silkroad.exe,17228,2,N/A,
0,"DrawIndexed",11307089300,0,0,silkroad.exe,17228,2,N/A,
0,"Present",11312715200,0,0,silkroad.exe,17228,2,N/A,
0,"ClearRenderTargetView",11312717500,0,0,silkroad.exe,17228,2,N/A,
0,"ClearDepthStencilView",11312717800,0,0,silkroad.exe,17228,2,N/A,
0,"DrawIndexed",11313131700,0,0,silkroad.exe,17228,2,N/A,
0,"DrawIndexed",11313145000,0,0,silkroad.exe,17228,2,N/A,
0,"Present",11318797500,0,0,silkroad.exe,17228,0,N/A,
0,"ClearRenderTargetView",11318800400,0,0,silkroad.exe,17228,0,N/A,
0,"ClearDepthStencilView",11318800700,0,0,silkroad.exe,17228,0,N/A,
0,"DrawIndexed",11319359000,0,0,silkroad.exe,17228,0,N/A,
0,"DrawIndexed",11319372500,0,0,silkroad.exe,17228,0,N/A,
0,"Present",11324852500,0,0,silkroad.exe,17228,2,N/A,
0,"ClearRenderTargetView",11324855300,0,0,silkroad.exe,17228,2,N/A,
0,"ClearDepthStencilView",11324855600,0,0,silkroad.exe,17228,2,N/A,
0,"DrawIndexed",11325284700,0,0,silkroad.exe,17228,2,N/A,
0,"DrawIndexed",11325298000,0,0,silkroad.exe,17228,2,N/A,
0,"Present",11330883900,0,0,silkroad.exe,17228,2,N/A,
0,"ClearRenderTargetView",11330886200,0,0,silkroad.exe,17228,2,N/A,
0,"ClearDepthStencilView",11330886400,0,0,silkroad.exe,17228,2,N/A,
0,"DrawIndexed",11331241500,0,0,silkroad.exe,17228,2,N/A,
0,"DrawIndexed",11331253900,0,0,silkroad.exe,17228,2,N/A,
0,"Present",11336949500,0,0,silkroad.exe,17228,2,N/A,
0,"ClearRenderTargetView",11336951900,0,0,silkroad.exe,17228,2,N/A,
0,"ClearDepthStencilView",11336952200,0,0,silkroad.exe,17228,2,N/A,
0,"DrawIndexed",11337362600,0,0,silkroad.exe,17228,2,N/A,
0,"DrawIndexed",11337375800,0,0,silkroad.exe,17228,2,N/A,
0,"Present",11343002600,0,0,silkroad.exe,17228,2,N/A,
0,"ClearRenderTargetView",11343004800,0,0,silkroad.exe,17228,2,N/A,
0,"ClearDepthStencilView",11343005100,0,0,silkroad.exe,17228,2,N/A,
0,"DrawIndexed",11343410700,0,0,silkroad.exe,17228,2,N/A,
0,"DrawIndexed",11343424000,0,0,silkroad.exe,17228,2,N/A,
0,"Present",11349067300,0,0,silkroad.exe,17228,2,N/A,
0,"ClearRenderTargetView",11349070200,0,0,silkroad.exe,17228,2,N/A,
0,"ClearDepthStencilView",11349070500,0,0,silkroad.exe,17228,2,N/A,
0,"DrawIndexed",11349509800,0,0,silkroad.exe,17228,2,N/A,
0,"DrawIndexed",11349523000,0,0,silkroad.exe,17228,2,N/A,
0,"Present",11355124900,0,0,silkroad.exe,17228,2,N/A,
0,"ClearRenderTargetView",11355127400,0,0,silkroad.exe,17228,2,N/A,
0,"ClearDepthStencilView",11355127600,0,0,silkroad.exe,17228,2,N/A,
0,"DrawIndexed",11355538800,0,0,silkroad.exe,17228,2,N/A,
0,"DrawIndexed",11355552000,0,0,silkroad.exe,17228,2,N/A,
0,"Present",11361172400,0,0,silkroad.exe,17228,2,N/A,
0,"ClearRenderTargetView",11361174500,0,0,silkroad.exe,17228,2,N/A,
0,"ClearDepthStencilView",11361174800,0,0,silkroad.exe,17228,2,N/A,
0,"DrawIndexed",11361611900,0,0,silkroad.exe,17228,2,N/A,
0,"DrawIndexed",11361625400,0,0,silkroad.exe,17228,2,N/A,
0,"Present",11367244900,0,0,silkroad.exe,17228,2,N/A,
0,"ClearRenderTargetView",11367247700,0,0,silkroad.exe,17228,2,N/A,
0,"ClearDepthStencilView",11367248100,0,0,silkroad.exe,17228,2,N/A,
0,"DrawIndexed",11367661600,0,0,silkroad.exe,17228,2,N/A,
0,"DrawIndexed",11367675200,0,0,silkroad.exe,17228,2,N/A,
0,"Present",11373297200,0,0,silkroad.exe,17228,2,N/A,
0,"ClearRenderTargetView",11373299300,0,0,silkroad.exe,17228,2,N/A,
0,"ClearDepthStencilView",11373299500,0,0,silkroad.exe,17228,2,N/A,
0,"DrawIndexed",11373706900,0,0,silkroad.exe,17228,2,N/A,
0,"DrawIndexed",11373720100,0,0,silkroad.exe,17228,2,N/A,
0,"Present",11379361700,0,0,silkroad.exe,17228,2,N/A,
0,"ClearRenderTargetView",11379364600,0,0,silkroad.exe,17228,2,N/A,
0,"ClearDepthStencilView",11379364900,0,0,silkroad.exe,17228,2,N/A,
0,"DrawIndexed",11379780900,0,0,silkroad.exe,17228,2,N/A,
0,"DrawIndexed",11379794200,0,0,silkroad.exe,17228,2,N/A,
0,"Present",11385418200,0,0,silkroad.exe,17228,2,N/A,
0,"ClearRenderTargetView",11385420900,0,0,silkroad.exe,17228,2,N/A,
0,"ClearDepthStencilView",11385421200,0,0,silkroad.exe,17228,2,N/A,
0,"DrawIndexed",11385838700,0,0,silkroad.exe,17228,2,N/A,
0,"DrawIndexed",11385852100,0,0,silkroad.exe,17228,2,N/A,
0,"Present",11391469800,0,0,silkroad.exe,17228,2,N/A,
0,"ClearRenderTargetView",11391472000,0,0,silkroad.exe,17228,2,N/A,
0,"ClearDepthStencilView",11391472200,0,0,silkroad.exe,17228,2,N/A,
0,"DrawIndexed",11391876900,0,0,silkroad.exe,17228,2,N/A,
0,"DrawIndexed",11391890000,0,0,silkroad.exe,17228,2,N/A,
0,"Present",11397565000,0,0,silkroad.exe,17228,2,N/A,
0,"ClearRenderTargetView",11397567900,0,0,silkroad.exe,17228,2,N/A,
0,"ClearDepthStencilView",11397568200,0,0,silkroad.exe,17228,2,N/A,
0,"DrawIndexed",11397982200,0,0,silkroad.exe,17228,2,N/A,
0,"DrawIndexed",11397995000,0,0,silkroad.exe,17228,2,N/A,
0,"Present",11403595900,0,0,silkroad.exe,17228,2,N/A,
0,"ClearRenderTargetView",11403598400,0,0,silkroad.exe,17228,2,N/A,
0,"ClearDepthStencilView",11403598600,0,0,silkroad.exe,17228,2,N/A,
0,"DrawIndexed",11404023600,0,0,silkroad.exe,17228,2,N/A,
0,"DrawIndexed",11404036900,0,0,silkroad.exe,17228,2,N/A,
0,"Present",11409751700,0,0,silkroad.exe,17228,2,N/A,
0,"ClearRenderTargetView",11409754600,0,0,silkroad.exe,17228,2,N/A,
0,"ClearDepthStencilView",11409754900,0,0,silkroad.exe,17228,2,N/A,
0,"DrawIndexed",11410288400,0,0,silkroad.exe,17228,2,N/A,
0,"DrawIndexed",11410301800,0,0,silkroad.exe,17228,2,N/A,
0,"Present",11415729600,0,0,silkroad.exe,17228,2,N/A,
0,"ClearRenderTargetView",11415732400,0,0,silkroad.exe,17228,2,N/A,
0,"ClearDepthStencilView",11415732700,0,0,silkroad.exe,17228,2,N/A,
0,"DrawIndexed",11416147600,0,0,silkroad.exe,17228,2,N/A,
0,"DrawIndexed",11416161000,0,0,silkroad.exe,17228,2,N/A,
0,"Present",11421756900,0,0,silkroad.exe,17228,2,N/A,
0,"ClearRenderTargetView",11421759200,0,0,silkroad.exe,17228,2,N/A,
0,"ClearDepthStencilView",11421759400,0,0,silkroad.exe,17228,2,N/A,
0,"DrawIndexed",11422184100,0,0,silkroad.exe,17228,2,N/A,
0,"DrawIndexed",11422197600,0,0,silkroad.exe,17228,2,N/A,
0,"Present",11427922500,0,0,silkroad.exe,17228,10,N/A,
0,"ClearRenderTargetView",11427931300,0,0,silkroad.exe,17228,10,N/A,
0,"ClearDepthStencilView",11427932200,0,0,silkroad.exe,17228,10,N/A,
0,"DrawIndexed",11428590200,0,0,silkroad.exe,17228,2,N/A,
0,"DrawIndexed",11428603700,0,0,silkroad.exe,17228,2,N/A,
0,"Present",11433896900,0,0,silkroad.exe,17228,2,N/A,
0,"ClearRenderTargetView",11433899500,0,0,silkroad.exe,17228,2,N/A,
0,"ClearDepthStencilView",11433899900,0,0,silkroad.exe,17228,2,N/A,
0,"DrawIndexed",11434323900,0,0,silkroad.exe,17228,2,N/A,
0,"DrawIndexed",11434338500,0,0,silkroad.exe,17228,2,N/A,
0,"Present",11439938400,0,0,silkroad.exe,17228,2,N/A,
0,"ClearRenderTargetView",11439940700,0,0,silkroad.exe,17228,2,N/A,
0,"ClearDepthStencilView",11439940900,0,0,silkroad.exe,17228,2,N/A,
0,"DrawIndexed",11440291800,0,0,silkroad.exe,17228,2,N/A,
0,"DrawIndexed",11440304200,0,0,silkroad.exe,17228,2,N/A,
0,"Present",11446001600,0,0,silkroad.exe,17228,2,N/A,
0,"ClearRenderTargetView",11446004400,0,0,silkroad.exe,17228,2,N/A,
0,"ClearDepthStencilView",11446004700,0,0,silkroad.exe,17228,2,N/A,
0,"DrawIndexed",11446421700,0,0,silkroad.exe,17228,2,N/A,
0,"DrawIndexed",11446435200,0,0,silkroad.exe,17228,2,N/A,
0,"Present",11452119400,0,0,silkroad.exe,17228,2,N/A,
0,"ClearRenderTargetView",11452121600,0,0,silkroad.exe,17228,2,N/A,
0,"ClearDepthStencilView",11452121800,0,0,silkroad.exe,17228,2,N/A,
0,"DrawIndexed",11452554800,0,0,silkroad.exe,17228,2,N/A,
0,"DrawIndexed",11452568100,0,0,silkroad.exe,17228,2,N/A,
0,"Present",11458109400,0,0,silkroad.exe,17228,2,N/A,
0,"ClearRenderTargetView",11458111900,0,0,silkroad.exe,17228,2,N/A,
0,"ClearDepthStencilView",11458112200,0,0,silkroad.exe,17228,2,N/A,
0,"DrawIndexed",11458566700,0,0,silkroad.exe,17228,2,N/A,
0,"DrawIndexed",11458580100,0,0,silkroad.exe,17228,2,N/A,
0,"Present",11464163200,0,0,silkroad.exe,17228,2,N/A,
0,"ClearRenderTargetView",11464165600,0,0,silkroad.exe,17228,2,N/A,
0,"ClearDepthStencilView",11464165800,0,0,silkroad.exe,17228,2,N/A,
0,"DrawIndexed",11464699500,0,0,silkroad.exe,17228,2,N/A,
0,"DrawIndexed",11464711800,0,0,silkroad.exe,17228,2,N/A,
0,"Present",11470224100,0,0,silkroad.exe,17228,2,N/A,
0,"ClearRenderTargetView",11470226700,0,0,silkroad.exe,17228,2,N/A,
0,"ClearDepthStencilView",11470227000,0,0,silkroad.exe,17228,2,N/A,
0,"DrawIndexed",11470639100,0,0,silkroad.exe,17228,2,N/A,
0,"DrawIndexed",11470652600,0,0,silkroad.exe,17228,2,N/A,
0,"Present",11476265000,0,0,silkroad.exe,17228,2,N/A,
0,"ClearRenderTargetView",11476267300,0,0,silkroad.exe,17228,2,N/A,
0,"ClearDepthStencilView",11476267500,0,0,silkroad.exe,17228,2,N/A,
0,"DrawIndexed",11476619100,0,0,silkroad.exe,17228,2,N/A,
0,"DrawIndexed",11476631300,0,0,silkroad.exe,17228,2,N/A,
0,"Present",11482329700,0,0,silkroad.exe,17228,2,N/A,
0,"ClearRenderTargetView",11482332100,0,0,silkroad.exe,17228,2,N/A,
0,"ClearDepthStencilView",11482332300,0,0,silkroad.exe,17228,2,N/A,
0,"DrawIndexed",11482735500,0,0,silkroad.exe,17228,2,N/A,
0,"DrawIndexed",11482747700,0,0,silkroad.exe,17228,2,N/A,
0,"Present",11488404400,0,0,silkroad.exe,17228,2,N/A,
0,"ClearRenderTargetView",11488406700,0,0,silkroad.exe,17228,2,N/A,
0,"ClearDepthStencilView",11488407000,0,0,silkroad.exe,17228,2,N/A,
0,"DrawIndexed",11488818800,0,0,silkroad.exe,17228,2,N/A,
0,"DrawIndexed",11488832000,0,0,silkroad.exe,17228,2,N/A,
0,"Present",11494466800,0,0,silkroad.exe,17228,2,N/A,
0,"ClearRenderTargetView",11494469200,0,0,silkroad.exe,17228,2,N/A,
0,"ClearDepthStencilView",11494469400,0,0,silkroad.exe,17228,2,N/A,
0,"DrawIndexed",11494877400,0,0,silkroad.exe,17228,2,N/A,
0,"DrawIndexed",11494890600,0,0,silkroad.exe,17228,2,N/A,
0,"Present",11500506500,0,0,silkroad.exe,17228,2,N/A,
0,"ClearRenderTargetView",11500508900,0,0,silkroad.exe,17228,2,N/A,
0,"ClearDepthStencilView",11500509100,0,0,silkroad.exe,17228,2,N/A,
0,"DrawIndexed",11500948400,0,0,silkroad.exe,17228,2,N/A,
0,"DrawIndexed",11500962100,0,0,silkroad.exe,17228,2,N/A,
0,"Present",11506555700,0,0,silkroad.exe,17228,2,N/A,
0,"ClearRenderTargetView",11506558500,0,0,silkroad.exe,17228,2,N/A,
0,"ClearDepthStencilView",11506558900,0,0,silkroad.exe,17228,2,N/A,
0,"DrawIndexed",11506978800,0,0,silkroad.exe,17228,2,N/A,
0,"DrawIndexed",11506992100,0,0,silkroad.exe,17228,2,N/A,
0,"Present",11512627000,0,0,silkroad.exe,17228,2,N/A,
0,"ClearRenderTargetView",11512629500,0,0,silkroad.exe,17228,2,N/A,
0,"ClearDepthStencilView",11512629700,0,0,silkroad.exe,17228,2,N/A,
0,"DrawIndexed",11513038300,0,0,silkroad.exe,17228,2,N/A,
0,"DrawIndexed",11513052000,0,0,silkroad.exe,17228,2,N/A,
0,"Present",11518690900,0,0,silkroad.exe,17228,2,N/A,
0,"ClearRenderTargetView",11518693800,0,0,silkroad.exe,17228,2,N/A,
0,"ClearDepthStencilView",11518694100,0,0,silkroad.exe,17228,2,N/A,
0,"DrawIndexed",11519108300,0,0,silkroad.exe,17228,2,N/A,
0,"DrawIndexed",11519121500,0,0,silkroad.exe,17228,2,N/A,
0,"Present",11524741900,0,0,silkroad.exe,17228,2,N/A,
0,"ClearRenderTargetView",11524744400,0,0,silkroad.exe,17228,2,N/A,
0,"ClearDepthStencilView",11524744600,0,0,silkroad.exe,17228,2,N/A,
0,"DrawIndexed",11525168000,0,0,silkroad.exe,17228,2,N/A,
0,"DrawIndexed",11525181300,0,0,silkroad.exe,17228,2,N/A,
0,"Present",11530791200,0,0,silkroad.exe,17228,2,N/A,
0,"ClearRenderTargetView",11530793500,0,0,silkroad.exe,17228,2,N/A,
0,"ClearDepthStencilView",11530793700,0,0,silkroad.exe,17228,2,N/A,
0,"DrawIndexed",11531199100,0,0,silkroad.exe,17228,2,N/A,
0,"DrawIndexed",11531212800,0,0,silkroad.exe,17228,2,N/A,
0,"Present",11536856200,0,0,silkroad.exe,17228,2,N/A,
0,"ClearRenderTargetView",11536859000,0,0,silkroad.exe,17228,2,N/A,
0,"ClearDepthStencilView",11536859300,0,0,silkroad.exe,17228,2,N/A,
0,"DrawIndexed",11537286100,0,0,silkroad.exe,17228,2,N/A,
0,"DrawIndexed",11537299500,0,0,silkroad.exe,17228,2,N/A,
